,load_forecast,coal_power_available,gas_power_available,nuclear_power_available,wind_power_forecasts_average,solar_power_forecasts_average,wind_power_forecasts_std,solar_power_forecasts_std,Jan,Feb,Mar,Apr,May,Jun,Jul,Aug,Sep,Oct,Nov,Dec,is_weekend,is_day,solar_ratio,wind_ratio,coal_ratio,gas_ratio,nuclear_ratio,fossil_ratio,green_ratio,controlable_ratio,all_offer,offer_minus_load,spot_id_delta_lag_1,spot_id_delta_lag_2,spot_id_delta_lag_3,spot_id_delta_lag_4,spot_id_delta_lag_5,spot_id_delta_lag_6,spot_id_delta_lag_7,spot_id_delta_lag_8,spot_id_delta_lag_9,spot_id_delta_lag_10,spot_id_delta_lag_11,spot_id_delta_lag_12,spot_id_delta_lag_13,spot_id_delta_lag_14,spot_id_delta_lag_15,spot_id_delta_lag_16,spot_id_delta_lag_17,spot_id_delta_lag_18
2124,2.068008829685104,0.2534263271852081,0.4506621760661639,-0.3809413876824961,-0.2058713280550866,-0.3797995708116551,0.5372243750470836,0.076790270846866,0,0,0,1,0,0,0,0,0,0,0,0,0,0,-0.4827080928811082,-0.5885693104374244,-1.6597471488179318,-1.7279063213543755,-1.8806497374096127,-1.8212351918542775,-0.8383728582165813,-1.9970730985838951,-0.4739225569256569,-2.890926550351472,-48.77519207968548,-1.5660757113145851,-2.0906697352611467,-0.2885134973332339,-0.2541942195135291,-0.1058907933256453,-0.1314054419607737,0.3025281771369803,0.974321128797152,-1.0775571984336878,0.2363087208522686,0.1174714336429623,0.2939819726099115,0.0358106950320541,0.3459817494334316,0.5139834460462727,0.1475763442427682,0.0990355422899117
2125,2.007077233803306,0.2534263271852081,0.4506621760661639,-0.3809413876824961,-0.1646509370819548,0.2202407417484529,0.8227732056002038,0.4165844867416228,0,0,0,1,0,0,0,0,0,0,0,0,0,0,-0.0840701542912746,-0.5531523265686658,-1.622700808877861,-1.69464203222377,-1.8515635210101955,-1.7852070163257543,-0.495346181565157,-1.964020426701808,-0.2361970898536859,-2.598614407145717,-45.05914880941811,-48.77324797773688,-1.5658831668267292,-2.090609104938256,-0.2884507006282023,-0.2541382282366869,-0.1058387281135199,-0.131367716357399,0.302603560130209,0.9743478237209292,-1.0775258933042915,0.2362988602174205,0.1174452232971186,0.2940101807980188,0.0358464291691043,0.3460221209338149,0.5140627242503822,0.1476451366977718
2126,1.812764888399765,0.2534263271852081,0.4506621760661639,-0.3809413876824961,-0.050502162079436,0.9012286767738432,0.5629384335684802,0.4182101702276783,0,0,0,1,0,0,0,0,0,0,0,0,0,1,0.3987600459637382,-0.4478953274255372,-1.499854074542765,-1.58433668772054,-1.7551127864811555,-1.665736544616799,-0.0315319771615213,-1.8544168111130015,0.0588775639693811,-2.095053322467228,-0.2433935604093098,-45.05734310394551,-48.76970593533793,-1.5658289483205028,-2.0904949162327227,-0.2883934905948895,-0.2540822105433306,-0.1058015013702522,-0.1312933011645747,0.3026346093986189,0.9743596202286968,-1.0775389929900934,0.2362736499558968,0.1174727287459865,0.294048347539244,0.0358848249698081,0.3460999109159792,0.5141141327382472
2127,1.631177586648369,0.2534263271852081,0.4506621760661639,-0.3809413876824961,0.248187132510488,1.3840234250489194,0.6387617677116272,0.7334256347302714,0,0,0,1,0,0,0,0,0,0,0,0,0,1,0.7695962753000368,-0.2044195692566393,-1.3781226607633694,-1.4750328009995934,-1.659537724288176,-1.5473507405110758,0.4507697029192166,-1.7458082823379135,0.349787857758655,-1.6104363555850425,-0.3319841046289118,-0.243256926619776,-45.05406471672893,-48.7690749828304,-1.5657297252482902,-2.090373594154722,-0.2883365596089584,-0.2540420912593963,-0.1057270291522439,-0.1312594392014295,0.3026527922638443,0.9743515791413347,-1.0775752608725204,0.2363016284246798,0.1175092322548406,0.2940883882008006,0.0359598669793091,0.3461592865758505
2128,1.6206817477236082,0.2534263271852081,0.4506621760661639,-0.3809413876824961,0.5522667859199754,1.6422848872000582,0.8536300783667968,1.2097771480648782,0,0,0,1,0,0,0,0,0,0,0,0,0,1,0.9533532420582244,0.018324865339145,-1.3708691302630802,-1.4685197814632618,-1.6538427552809143,-1.5402965626762708,0.7689040646882518,-1.739336696642793,0.5595526217465853,-1.4038133033416376,-0.0190901888739704,-0.3318441714646844,-0.2431582403009939,-45.05347916174434,-48.76762962183208,-1.5656270729504664,-2.0902686198920737,-0.2882957719509678,-0.2539679496905253,-0.1056933329200018,-0.1312371310600682,0.3026430951897865,0.9743325805345848,-1.077552512437643,0.2363392514697584,0.1175481482838556,0.2941657180239331,0.0360339538661898
2129,1.428319956456528,0.2534263271852081,0.4506621760661639,-0.3809413876824961,0.7688323784941985,1.702031941876814,1.1794334052371556,1.3140938276738607,0,0,0,1,0,0,0,0,0,0,0,0,0,1,1.0500146186494232,0.2250118334472611,-1.2334542911253426,-1.3451335860305211,-1.5459541553782774,-1.4066583691951626,1.0056438477584992,-1.6167354465031911,0.66294773229991,-1.0800010572885408,-0.4182704163260499,-0.0189619088074469,-0.3317391996011998,-0.2431201827833223,-45.05213976177355,-48.765847648744376,-1.565536089154347,-2.090192672767527,-0.2882217067845853,-0.2539332925007517,-0.1056712678500734,-0.1312478978209456,0.3026184432996003,0.9743634969920508,-1.0775272677559795,0.2363789244987523,0.1176239138715362,0.2942275571377057
2130,1.1912811871114832,0.2534263271852081,0.4506621760661639,-0.3809413876824961,0.9463971396092276,1.6342543690983435,1.4996509101487396,1.1449763958970436,0,0,0,1,0,0,0,0,0,0,0,0,0,1,1.0713676707840876,0.4289550609343215,-1.0515609733628846,-1.1818097078076433,-1.4031441393117687,-1.2297641229508032,1.180640724108196,-1.4544505849143747,0.7044723509225916,-0.7604842798055365,-0.6673970193986534,-0.4181272696035841,-0.0188791369283053,-0.3317000598056934,-0.2430586806007534,-45.05048997614823,-48.76449824192031,-1.5654703806599202,-2.0901226267139674,-0.2881868275481208,-0.2539098180296812,-0.1056819715823681,-0.1312762014571234,0.3026466858668773,0.9744080736233368,-1.0774959646400248,0.2364557429869671,0.1176941270943873
2131,1.1252409970627657,0.2534263271852081,0.4506621760661639,-0.3809413876824961,1.287258064963971,1.4511585563792528,1.0780349559011972,2.965567399041163,0,0,0,1,0,0,0,0,0,0,0,0,0,1,0.9524108099385434,0.7186621842939707,-0.998200171237948,-1.1338964955174062,-1.361248938858414,-1.1778698643436116,1.3110473483957823,-1.40684218184801,0.7645581171244662,-0.6265537725944597,-0.4994341002847778,-0.6672445944623902,-0.4180161756818804,-0.0188438196417655,-0.3316360315101563,-0.2430030854974137,-45.04923962588777,-48.76351158287072,-1.5653991642185925,-2.09007606682783,-0.2881630274093184,-0.2539208872206205,-0.1057100600486757,-0.131249686092788,0.3026849339761898,0.9744524484784046,-1.0774307877451474,0.2365203195239138
2132,1.020468374875771,0.2534263271852081,0.4506621760661639,-0.3809413876824961,1.3465520119791683,1.105846278005529,0.8316758877964208,2.26435807449789,0,0,0,1,0,0,0,0,0,0,0,0,0,1,0.7153549649577639,0.8053341053883836,-0.9109688503117056,-1.05557059651553,-1.2927609564727818,-1.093035968552568,1.1905744136120595,-1.3290145682948165,0.658902353981368,-0.6001201198554313,-0.4666760222883488,-0.4992879307859281,-0.667115824879994,-0.4179759817584937,-0.0187887133523549,-0.3315772850551292,-0.2429473646823318,-45.04832545931109,-48.7635456411832,-1.5653560058019098,-2.090035135108859,-0.2881741810461152,-0.2539502233064333,-0.1056834429132878,-0.1312155259007029,0.3027250296566363,0.9745358066698214,-1.077303888127399
2133,1.0139665277542376,0.2534263271852081,0.4506621760661639,-0.3809413876824961,1.3329175749649786,0.5970326510808976,0.5449488296619935,1.3839154437001633,0,0,0,1,0,0,0,0,0,0,0,0,0,1,0.3213234913940432,0.7968894278359944,-0.9054481913135056,-1.0506135400990355,-1.288426517968228,-1.0876670367838157,0.8721027969812762,-1.3240890471573552,0.4653191032676058,-0.7716084419998774,-0.0540811487841571,-0.4665310727975091,-0.4991710782590794,-0.6670725874692586,-0.4179094930539719,-0.0187410971909512,-0.3315192027296338,-0.2429074626625495,-45.04835123093848,-48.76319652531451,-1.565320062893347,-2.090050730975679,-0.2882038054170742,-0.2539241962701607,-0.1056490418510488,-0.1311781943588226,0.3028024360047625,0.9745653730119216
2134,1.256206774796509,0.2534263271852081,0.4506621760661639,-0.3809413876824961,1.2828189459360957,-0.0328811888175883,0.6197844852566221,0.4405226492648968,0,0,0,1,0,0,0,0,0,0,0,0,0,1,-0.1913256277654573,0.6684252814283824,-1.1028472297480576,-1.2278601641707425,-1.4434105503512484,-1.2796408516704256,0.3666933915550499,-1.5002080823379234,0.2131968486502352,-1.292241260738989,-0.137284548170711,-0.0539515655504768,-0.4664165444731521,-0.4991298927890564,-0.6669989950501328,-0.4178476772136466,-0.0186913555100118,-0.3314775724878799,-0.2428332962580019,-45.048026198460775,-48.76271184584045,-1.565334365158342,-2.0900955204355074,-0.2881779147339199,-0.2538911918453877,-0.1056115474393144,-0.1311046326118252,0.3028638654432245
2135,1.4455034095634378,0.2534263271852081,0.4506621760661639,-0.3809413876824961,1.2146467608651468,-0.5272398831591335,0.8841989946673281,-0.1456190575129337,0,0,0,1,0,0,0,0,0,0,0,0,0,1,-0.5648469745564939,0.5535256660516432,-1.2460853070521254,-1.356475104962796,-1.555871152932833,-1.4189422401430043,-0.0180639017603513,-1.6280048141557235,0.004502920099566,-1.7098929740156363,-0.3595826267060228,-0.137151866195593,-0.0538663110447227,-0.4663757591964232,-0.4990610897445968,-0.6669283172533997,-0.4177872948004228,-0.0186558291944129,-0.3314036036380671,-0.2427987112475498,-45.047576841212354,-48.76284250579248,-1.5653747384608483,-2.090076802536595,-0.2881452330275996,-0.2538546418019632,-0.105537759158947,-0.1310226211636802
2136,1.4377011930175978,0.2534263271852081,0.4506621760661639,-0.3809413876824961,1.1404500571135097,-0.7157964481873902,0.7078213393969736,-0.4328119238468409,0,0,0,1,0,0,0,0,0,0,0,0,0,1,-0.7009867937168094,0.5005144855110458,-1.2403590597018783,-1.3513334486534243,-1.5513753007148996,-1.4133733703170464,-0.166929031471327,-1.622895867493528,-0.0931810681216993,-1.7910663159684024,-0.9594921051966274,-0.359441665690955,-0.1370607083658346,-0.0538305662865982,-0.4663078902314003,-0.4989963867415989,-0.6668612940065228,-0.4177439812876041,-0.0185811625988636,-0.3313684444791031,-0.2427753426392412,-45.04769834208802,-48.76328010631092,-1.565353931807698,-2.09006109726516,-0.2881089011976251,-0.2537821670300842,-0.1054569604535182
2137,1.260665184251275,0.2534263271852081,0.4506621760661639,-0.3809413876824961,1.0434235983613689,-0.7405304439406709,0.5840786210355631,-0.5886539682134926,0,0,0,1,0,0,0,0,0,0,0,0,0,1,-0.718871123175527,0.4823791055374575,-1.1063273119875527,-1.2309849657570822,-1.4461428695295924,-1.283025288944959,-0.1951449585288017,-1.503313004890887,-0.138751065062923,-1.6233227612953185,-1.3208635614733557,-0.9593288017727932,-0.3593347356981265,-0.1370239471426266,-0.0537744622482926,-0.4662443525020249,-0.498933840791775,-0.6668131205385825,-0.4176702048541441,-0.0185480312813327,-0.3313442337882444,-0.2427863843798967,-45.048104674930855,-48.76344718019967,-1.5653332829050148,-2.090036244439229,-0.2880367299357388,-0.253694336478302
2138,1.2512839476902051,0.2534263271852081,0.4506621760661639,-0.3809413876824961,0.9834954914850462,-0.7405304439406709,0.9386963942546108,-0.5886539682134926,0,0,0,1,0,0,0,0,0,0,0,0,0,1,-0.718871123175527,0.4390979706936501,-1.0989984742924892,-1.2244043271170917,-1.440388774536682,-1.2758978736233662,-0.2286957432338877,-1.496774230264194,-0.1612386092454067,-1.6330151006329623,-0.5601828408081545,-1.320686799504387,-0.959179307893743,-0.3592952587417077,-0.1369654706029661,-0.053725601384968,-0.4661826797666392,-0.4988889439399764,-0.6667398996513199,-0.417634486480222,-0.0185267947510774,-0.3313554938814598,-0.2428156267546695,-45.04825695983337,-48.76387120405979,-1.5653050873299452,-2.0899800391612637,-0.2879472745481416
2139,1.2732044608428037,0.2534263271852081,0.4506621760661639,-0.3809413876824961,0.917859945858598,-0.7405304439406709,1.2039443001635044,-0.5886539682134926,0,0,0,1,0,0,0,0,0,0,0,0,0,0,-0.718871123175527,0.3818548167480484,-1.1160866986408016,-1.2397480192704982,-1.4538052629692997,-1.2925164531453297,-0.273069642873993,-1.5120203105340917,-0.1858678243024127,-1.6818072179804189,-0.4282285668784746,-0.5600344088459808,-1.3205116661345464,-0.9591325020656354,-0.3592304434887686,-0.1369136500200081,-0.05367492696886,-0.4661384219585517,-0.4988153484995353,-0.66670256670702,-0.4176094556093089,-0.0185372836424891,-0.33138548167823,-0.2427895553949463,-45.048645981349416,-48.7641436841258,-1.5652442326696123,-2.089805110138132
2140,1.1002553274100162,0.2534263271852081,0.4506621760661639,-0.3809413876824961,0.8068819701617047,-0.7405304439406709,-0.056476355620988,-0.5886539682134926,0,0,0,1,0,0,0,0,0,0,0,0,0,0,-0.718871123175527,0.3472072717508224,-0.9776890304717466,-1.115479331556022,-1.345145013885266,-1.157922442249813,-0.2999278185423703,-1.3885421822591373,-0.2275114246403456,-1.5152752057245404,-0.5355705779271944,-0.4280850492849387,-0.5599132461647298,-1.3204604455653322,-0.959050580708126,-0.3591707152963574,-0.1368607576957044,-0.0536387180505493,-0.4660647534684023,-0.4987791041100122,-0.6666751678049921,-0.4176209283757527,-0.0185646386751233,-0.3313597628882279,-0.2427564460661151,-45.04889479378132,-48.76450103495024,-1.565094194039451
2141,0.952849164811824,0.2534263271852081,0.4506621760661639,-0.3809413876824961,0.7108067512012515,-0.7405304439406709,0.153978724231609,-0.5886539682134926,0,0,0,1,0,0,0,0,0,0,0,0,0,0,-0.718871123175527,0.3147619677422288,-0.8529216385686943,-1.0034494088956851,-1.2471863122603912,-1.03658409943401,-0.3250788552102346,-1.277224959752773,-0.2635628843614703,-1.373855163570739,-0.3717374564059829,-0.5354230625987091,-0.4279732488273287,-0.5598713185498657,-1.3203682198900188,-0.9589695124758258,-0.3591118972919265,-0.1368229256476998,-0.05356412948398,-0.4660287213814664,-0.4987533017513228,-0.666687254603464,-0.4176516422061574,-0.0185376746402519,-0.3313274880159639,-0.2427198250894165,-45.049219225629166,-48.76211214005156
2142,0.831543274230073,0.2534263271852081,0.4506621760661639,-0.3809413876824961,0.6340734080051138,-0.7405304439406709,0.0383839777285148,-0.5886539682134926,0,0,0,1,0,0,0,0,0,0,0,0,0,0,-0.718871123175527,0.2886776759543245,-0.7451629246819975,-0.9066917529202808,-1.1625816448060171,-0.9317869760226783,-0.345298945582607,-1.1810828464348484,-0.2923564594522696,-1.2566659697610467,-0.3277201608101476,-0.3715960427089965,-0.5353036461701753,-0.4279329332489086,-0.5598007832868879,-1.3202742969161818,-0.9588947030075988,-0.3590697286589408,-0.1367485226226648,-0.0535307713927258,-0.4660032303991897,-0.4987649745650552,-0.6667200646446062,-0.4176262668155682,-0.0185024525416769,-0.3312914312761251,-0.2426472516574527,-45.04700656193689
4623,0.1403040416807686,-0.9117720251046798,0.3650603690447588,-1.7385164995048767,-0.6665884671624748,1.2632444327991332,-0.384159897139992,0.474462256016633,0,0,0,0,0,0,1,0,0,0,0,0,0,1,1.1268487284221482,-0.7082395400916243,-1.193390536199511,-0.2791700874417509,-1.7772314139610028,-0.4699149881083966,0.3430274345200798,-1.5425272324642618,-1.17175031687416,-1.2510488185540032,4.414470229524043,0.1837787968208607,-1.0289808629184318,2.121393501062596,1.9179956030252605,3.049909029178886,4.494998800852504,2.6967798535284326,1.308909464006333,2.2076447369553223,0.3984780164223321,-1.4748536758492083,0.1661018690558314,-0.0369575200992624,0.4300947848507793,1.3299263518215818,1.3122657646195366,-0.2257989239337006
4624,0.2082483441007923,-0.9117720251046798,0.3650603690447588,-1.7385164995048767,-0.5990504419526512,1.533712282464878,-0.0486104182425084,0.1429041342657332,0,0,0,0,0,0,1,0,0,0,0,0,0,1,1.3463576790013734,-0.6541946961189047,-1.2567622271923924,-0.3506379741650064,-1.8232709884640892,-0.5442411353701132,0.558690990907187,-1.5996112684883224,-1.0462246072841055,-1.215418457466188,11.870510046609732,4.414433390647274,0.1838471836068609,-1.028933204258334,2.121387572256535,1.917974313439753,3.049876956411998,4.494946255624456,2.696860576875824,1.3089339899933587,2.2076448078117674,0.3984685555901729,-1.474893287641336,0.166129568192044,-0.036922471541672,0.4301356921885415,1.33001285969084,1.3122793110307174
4625,0.1383534875443086,-0.9117720251046798,0.3650603690447588,-1.7385164995048767,-0.5102680613951367,1.6753706217791218,0.1520802051884693,0.2469667971536022,0,0,0,0,0,0,1,0,0,0,0,0,0,1,1.507383749638989,-0.558939547269759,-1.1915443961704482,-0.2770880895590192,-1.7758901920355736,-0.4677497235633612,0.7600035085764791,-1.5408642639956394,-0.960438790587964,-1.0531268436705288,9.303383573813717,11.870195522689894,4.414201599133151,0.1838800239931168,-1.0288492923306751,2.1213590465139407,1.9179724196147223,3.049852608536269,4.49503098976383,2.696876105603048,1.3089426054011974,2.207639807193518,0.3984447101934299,-1.474872120808981,0.1661665301171124,-0.0368845393111725,0.4302142274593165,1.330025564283786
4626,0.0353456524331586,-0.9117720251046798,0.3650603690447588,-1.7385164995048767,-0.4183148815319965,1.6991409553601968,-0.0275662774179152,0.1082707174572272,0,0,0,0,0,0,1,0,0,0,0,0,0,1,1.5792873021545792,-0.4512163231811706,-1.0918412958402353,-0.1646471909698138,-1.7034558251452037,-0.3508119047757026,0.9004293842083698,-1.4510535727896932,-0.9171294462365136,-0.8908902999847427,6.746953992352026,9.303164657299774,11.869434721313752,4.414182753255755,0.1839293490221827,-1.0287657408418158,2.121351730171208,1.9179701575659696,3.049934119408871,4.495034862024036,2.696871525060156,1.3089353891751427,2.2076311882798607,0.3984733342160028,-1.4748506194397233,0.1662057561147169,-0.0368101420748942,0.4302696132287187
4627,-0.0624607049807646,-0.9117720251046798,0.3650603690447588,-1.7385164995048767,-0.5486347329932054,1.544312566359141,1.26877850137256,2.1103776592115837,0,0,0,0,0,0,1,0,0,0,0,0,0,1,1.47987058710211,-0.5610663231041549,-0.9929797037345718,-0.0531553094184452,-1.631632814524361,-0.2348610576664043,0.7365747417398585,-1.3620008964804946,-1.023380117955868,-0.8732678648253905,3.8909391086401537,6.74683028486001,9.30258599486796,11.86932478776216,4.414111438891957,0.1839697530023527,-1.0286890705098053,2.121345499766364,1.9180491437862064,3.049947359370762,4.495013185368785,2.696867730552819,1.3089192065178057,2.207667014124914,0.3985124851478137,-1.4748218474499162,0.1662819528333126,-0.0367326034050413
4628,-0.1837201537973619,-0.9117720251046798,0.3650603690447588,-1.7385164995048767,-0.5013898233393852,1.3441920552644155,0.8689202189523701,2.2750007037799955,0,0,0,0,0,0,1,0,0,0,0,0,0,1,1.342421601668859,-0.4904181711011456,-0.8643270072349605,0.0919337073967833,-1.5381665472886925,-0.0839694037460261,0.6825318111529008,-1.2461129495673973,-1.0797774509849545,-0.781686272106632,3.541054447231056,3.8909217676155183,6.746433002422582,9.302507422948752,11.869040868328154,4.414001343999327,0.1840140901322373,-1.0286338370245165,2.121424939613245,1.9180697210837545,3.0499394219797598,4.495013823894645,2.696863229115986,1.3089514548631196,2.2077232102188646,0.3985531912923052,-1.4747601910625,0.1663498580038144
4629,-0.2279791559889426,-0.9117720251046798,0.3650603690447588,-1.7385164995048767,-0.5226341786870762,1.0085163986127492,0.7531663474140342,1.642345256495639,0,0,0,0,0,0,1,0,0,0,0,0,0,1,1.0280404191233234,-0.5034245105640363,-0.8155902593738921,0.1468969302621159,-1.5027592684385846,-0.0268080018357343,0.4235772923728934,-1.2022117970652606,-1.2120851183443295,-0.8516803817551841,0.8857036068627137,3.5410501369492358,3.89072712090384,6.746385661455799,9.30229670378156,11.868665546442427,4.413932902648557,0.18404566124026,-1.0285614231747042,2.1214441985467274,1.918072545093663,3.0499364979053487,4.495024456150132,2.696901002445366,1.308999183785979,2.207775441838902,0.3986314467262137,-1.4746144444652534
4630,-0.1426656334013941,-0.9117720251046798,0.3650603690447588,-1.7385164995048767,-0.5578300509795194,0.4926359157586091,0.7855727536955635,0.8211659213878778,0,0,0,0,0,0,1,0,0,0,0,0,0,1,0.4891960841248947,-0.5557583925891011,-0.9086690670637978,0.0419266260127768,-1.570381082440348,-0.1359764500641709,-0.0435540597466476,-1.2860554491439775,-1.416376723430703,-1.1419549308956385,0.3387416114757836,0.8857981897239778,3.5408803147343395,3.890714670812053,6.7462478375391655,9.302012699975132,11.868398353454833,4.413881939185881,0.1841207799594346,-1.0285217447571249,2.1214450889604475,1.9180668305809068,3.0499349679924164,4.495069387413813,2.6969618078151214,1.3090456901349654,2.2078697278932844,0.3986883305977348
4631,-0.0104459280084977,-0.9117720251046798,0.3650603690447588,-1.7385164995048767,-0.5974650422998384,-0.1083680589737047,0.524166028321243,0.1088351085449357,0,0,0,0,0,0,1,0,0,0,0,0,0,1,-0.1174310201502836,-0.6183411924555665,-1.0460806620770589,-0.1130403024848837,-1.670210695112538,-0.2971410692562057,-0.5722887786953786,-1.4098332482994664,-1.6538642270721715,-1.518579412316919,3.953660430538945,0.3388565648244609,0.8858167660176909,3.540872139053745,3.8906582846639615,6.746054771301152,9.301813937495009,11.86820193776647,4.413966492512118,0.1841525972810889,-1.0284909058355216,2.121439875830457,1.918055774541396,3.0499741467932706,4.495147134071843,2.6970171561022305,1.309132012991043,2.207840792098533
4632,-0.1341667903782469,-0.9117720251046798,0.3650603690447588,-1.7385164995048767,-0.6776862647321641,-0.5176032614370761,0.0869203280685631,-0.2496344654573594,0,0,0,0,0,0,1,0,0,0,0,0,0,1,-0.5008972301883754,-0.678557400100452,-0.9177465350284258,0.0316894453084951,-1.5769758687890958,-0.1466230528316164,-0.9225290527505596,-1.2942322627997518,-1.83554930626081,-1.5400567551673794,3.651672675893576,3.9536407535862033,0.3389139483532219,0.8858410297738708,3.5408257296835197,3.890566812872655,6.745924154187228,9.301667601241338,11.868303117878112,4.4139708902651416,0.1841719066218184,-1.0285038846333354,2.121430531434457,1.9180904476745817,3.0500382786111886,4.495213937597812,2.6971157770846403,1.309145708049045
4633,-0.2948552978104287,-0.9117720251046798,0.3650603690447588,-1.7385164995048767,-0.7626636861229281,-0.6955595425710697,-0.2237093337684213,-0.5148983921804292,0,0,0,0,0,0,1,0,0,0,0,0,0,1,-0.6732567970089156,-0.7417752655495788,-0.7400454913905953,0.2320930933465339,-1.4478759456268882,0.0617954654539332,-1.1079787113283126,-1.1341624805735768,-1.9333522761973263,-1.4400494356380555,3.872682800081132,3.651664245860743,3.953441656764458,0.3389448941413191,0.8858703363420909,3.5407467040243343,3.890512327008948,6.745827688693581,9.301763056724086,11.868259193609816,4.413949984330921,0.1841619174519203,-1.0285397398227976,2.1214660141408483,1.9181439155478988,3.05009587615217,4.495328491509486,2.697063634323121
4634,-0.3110170320839545,-0.9117720251046798,0.3650603690447588,-1.7385164995048767,-0.7994449580681842,-0.7405304439406709,-0.2942858568314787,-0.5886539682134926,0,0,0,0,0,0,1,0,0,0,0,0,0,1,-0.718871123175527,-0.7781355131844102,-0.721435070983289,0.2530811306973275,-1.4343554631614253,0.083622890698926,-1.172274018175023,-1.11739856134862,-1.963811595301643,-1.4490809336572237,4.3137718260142375,3.872666138975589,3.651486575225597,3.9534284404295352,0.3389897970443608,0.8858857670882204,3.5407015448475634,3.890471576577402,6.745917443401239,9.301735769805267,11.868167415540457,4.41395042300831,0.1841362683915396,-1.0285167961923878,2.121521398099516,1.9181943024192656,3.050197625589891,4.495191052069998
4635,-0.2970380607726577,-0.9117720251046798,0.3650603690447588,-1.7385164995048767,-0.7880300805679322,-0.7405304439406709,-0.5733370989779709,-0.5886539682134926,0,0,0,0,0,0,1,0,0,0,0,0,0,0,-0.718871123175527,-0.7680863773500932,-0.7375401876093458,0.2349184679584533,-1.4460558408090656,0.0647338370653425,-1.1644841024515546,-1.1319057497043294,-1.9595282535525984,-1.461691988818135,3.758541025653764,4.313738737444765,3.8724727875583977,3.651477048163114,3.953370265815802,0.3390246843772216,0.8859113901683603,3.540667619956651,3.890554962442115,6.745906724506165,9.301668393125755,11.868186231409174,4.413960373011909,0.1841640393172245,-1.0284910895249553,2.12157308057574,1.9182860226388865,3.05012873469369
4636,-0.5331944365797804,-0.9117720251046798,0.1571702662784894,-1.5997861961069693,-0.7721760840398046,-0.7405304439406709,-0.7105711252922512,-0.5886539682134926,0,0,0,0,0,0,1,0,0,0,0,0,0,0,-0.718871123175527,-0.7152981531131358,-0.4505878405457527,0.5063902277616986,-1.0970775420530323,0.3558408205926422,-1.1235635870184582,-0.7742308110893279,-1.8574419418670371,-1.0871601715720276,2.590742749144215,3.758528615526533,4.313514090534191,3.872460560497165,3.6514274845720354,3.953276562895367,0.3390648875286235,0.8859292657907485,3.540750225587175,3.8905627531601175,6.7458636475389975,9.301680881698012,11.86825891831253,4.414004981584069,0.1842011711525064,-1.0284594740267743,2.12166660283378,1.9182708229988483
4637,-0.7483126927722271,-0.9117720251046798,0.1571702662784894,-1.5997861961069693,-0.7522000484143638,-0.7405304439406709,-0.595745291443236,-0.5886539682134926,0,0,0,0,0,0,1,0,0,0,0,0,0,0,-0.718871123175527,-0.6550814275005091,-0.1585442026903145,0.8328296772971774,-0.8770527030453559,0.6958265019395,-1.0768846262202862,-0.505618012889206,-1.8499460938062096,-0.8251365887964098,-2.6227439361962075,2.590773831289378,3.758343362526976,4.313496474851858,3.872404694918151,3.651344523990172,3.95322040510317,0.3390934332710147,0.8860059500542082,3.540760283880791,3.890546823563104,6.7458698351798345,9.301731968186116,11.868333200185642,4.414081964500794,0.1842405120387811,-1.02839386264389,2.121641756010338
4638,-0.8902387270822696,-0.9117720251046798,0.1571702662784894,-1.5997861961069693,-0.7477609293864882,-0.7405304439406709,-0.5262861793979998,-0.5886539682134926,0,0,0,0,0,0,1,0,0,0,0,0,0,0,-0.718871123175527,-0.622170464073124,0.052696763872944,1.068949817939947,-0.7179043647997073,0.9417449012334048,-1.0513726184512215,-0.3113250382511404,-1.8482803497926923,-0.6553003699481529,-0.7621241718224764,-2.6225186883397176,2.590671434178507,3.758332529893484,4.313428031850294,3.8723138725420743,3.651296416122869,3.953178431105751,0.3391688978226776,0.8860332174726506,3.540747680053705,3.890545971872976,6.745899411258884,9.301796033494094,11.868480413412444,4.414148251605643,0.1843168685543986,-1.02826928905063
4639,-1.060308471075521,-0.9117720251046798,0.1571702662784894,-1.5997861961069693,-0.7782006027204932,-0.7405304439406709,-0.5890111779062874,-0.5886539682134926,0,0,0,0,0,0,1,0,0,0,0,0,0,0,-0.718871123175527,-0.6249003296688685,0.3281612619044026,1.3768574983273143,-0.5103702021767107,1.2624298020852915,-1.0534887628916845,-0.0579612253484645,-1.8597025944568109,-0.4642070886889274,-0.6173035631970852,-0.7619682189660243,-2.6222511858873223,2.5906748681036107,3.758279919007385,4.313321519011331,3.8722598733269504,3.6512603332945055,3.9532619568374696,0.3391997100597973,0.8860458536373317,3.540745965989245,3.8905515167606888,6.745953302572869,9.301919066312449,11.868594188344906,4.414262087234506,0.1843839182541399
4640,-1.1566286920045226,-0.9117720251046798,0.1571702662784894,-1.5997861961069693,-0.828616311679939,-0.7405304439406709,-0.6026861379824578,-0.5886539682134926,0,0,0,0,0,0,1,0,0,0,0,0,0,0,-0.718871123175527,-0.6701014648771394,0.4962550927185192,1.5647487943138132,-0.3837287922331491,1.4581180082013578,-1.0885278985629423,0.0966463346268981,-1.8786206871817577,-0.3675039757519822,-0.1130005546884722,-0.6171530038897464,-0.7618327284434155,-2.622184060728229,2.5906555563737204,3.758193156893909,4.313255761923657,3.872219479038984,3.6513431856009584,3.9532693410634026,0.3392175452799291,0.8860375948263789,3.540748566863853,3.890594041800989,6.746052255739476,9.302016491109669,11.868774074119692,4.414128493110383
4641,-1.035972986134925,-0.9117720251046798,0.1571702662784894,-1.5997861961069693,-0.88093450022276,-0.7305726014945448,-0.7123835951651746,-0.5802213169227984,0,0,0,0,0,0,1,0,0,0,0,0,0,0,-0.7066683214916886,-0.760260038874027,0.2871312797618577,1.3309951577421286,-0.5412820730248269,1.214664315609303,-1.1487572089955649,-0.0956993469331076,-1.8945642370254232,-0.5253349106479304,-0.6812957769441457,-0.1128687771213162,-0.6170277884638465,-0.7617883337861782,-2.622054712615903,2.590610335297178,3.7581422002945777,4.313206762882749,3.8723028241925785,3.651352526986332,3.9532528152793898,0.3392079383504731,0.8860178529448353,3.540789699444736,3.890666093446711,6.746133398530395,9.302173635713228,11.868286881612429
4642,-0.7206334007405565,-0.9117720251046798,0.1571702662784894,-1.5997861961069693,-0.9227890510570168,-0.6682557810252403,-0.731723922311095,-0.5681215940438221,0,0,0,0,0,0,1,0,0,0,0,0,0,0,-0.6375087189406633,-0.8588840144437087,-0.1979388482850994,0.7887952771060235,-0.9067325160294948,0.6499648097543385,-1.1704602833144242,-0.5418520019773553,-1.8871873706798463,-0.8924322630611861,-0.5767954089768735,-0.6811428343769172,-0.1127793422533924,-0.6169851630262939,-0.7617120402719153,-2.621914479023342,2.590590508067409,3.7581040326813,4.313291091654023,3.872310733228314,3.651338871696239,3.953252118180944,0.3391835942000686,0.8860484178481647,3.540858455439031,3.8907290461600814,6.746267896722317,9.301808187696656
4643,-0.3683261702837557,-0.9117720251046798,0.1571702662784894,-1.5997861961069693,-0.9817659181416516,-0.4443649363494397,-0.7765418449754095,-0.5078336403168408,0,0,0,0,0,0,1,0,0,0,0,0,0,0,-0.4132479943591043,-0.9647113818767054,-0.6542961792395262,0.2786898798366439,-1.2505508200698097,0.1186916094835763,-1.074965264545784,-0.9615955051982216,-1.8263877141864648,-1.253912464267398,-1.0098286230021594,-0.5766463583133757,-0.6810130786705207,-0.1127428776987297,-0.6169129989958348,-0.7616379928314546,-2.6217953331470523,2.590575121831731,3.758187123301545,4.313296142025664,3.872294977163577,3.6513374302768287,3.953258190820839,0.3392119823221178,0.8860921624265531,3.5409191797224464,3.89083824403113,6.74602368590254
4644,-0.1335166056660936,-0.9117720251046798,0.1571702662784894,-1.5997861961069693,-1.0391573855734737,0.0705518843324945,-0.8301622147212369,-0.3773774042599246,0,0,0,0,0,0,1,0,0,0,0,0,0,0,0.0740739689900059,-1.0442554605140453,-0.9184395624520316,-0.0165633270043538,-1.4495556872638111,-0.1888136961420896,-0.7508498537245113,-1.2045465032469431,-1.657195715099206,-1.37572754730642,-2.6615801660258165,-1.0096634448970656,-0.5765240169618641,-0.6809696714638171,-0.1126850936044243,-0.6168441031285291,-0.7615684444939053,-2.621709014823664,2.590655608290542,3.758195772081352,4.313276193263219,3.872294080476416,3.651340961919632,3.953300965477384,0.3392505749282156,0.8861359746700574,3.5410252781018725,3.8907294780681223
4645,0.0100348904243323,-0.9117720251046798,0.1571702662784894,-1.5997861961069693,-1.0623042205045397,0.7708130628019996,-0.8399379344003641,-0.0969694969606998,0,0,0,0,0,0,1,0,0,0,0,0,0,0,0.7126298076492691,-1.0771910151858757,-1.0666601008345131,-0.1822407282130737,-1.5612246156976488,-0.3613661992598277,-0.2708836983950451,-1.340875217195353,-1.4065012410648503,-1.3138838139190685,-4.601988738769128,-2.66135347179291,-1.0095103796161733,-0.5764818863974135,-0.6808956827288997,-0.112634136854108,-0.6167784151959288,-0.7615184230912045,-2.621640154311932,2.5906718254812757,3.758181100972096,4.313276383745336,3.8722994717511887,3.651382534735288,3.953373607910976,0.3392909035480289,0.8862185503330299,3.540933105216906
4646,0.0807656987535845,-0.9117720251046798,0.1571702662784894,-1.5997861961069693,-1.0562797018238512,1.4206425875927378,-0.8072511927208166,0.2336862785129814,0,0,0,0,0,0,1,0,0,0,0,0,0,1,1.297172922758036,-1.0758548256629374,-1.1363454667953123,-0.2601333769691538,-1.6137253705139734,-0.4424911530512023,0.1928914571494351,-1.4049696836312056,-1.163540578521825,-1.1728492625343778,-3.521225890274013,-4.601689777964245,-2.6610832138900227,-1.0094629588454893,-0.5764108774357555,-0.6808245105241748,-0.1125818918551367,-0.6167312189497947,-0.7614454134431619,-2.6215901489144646,2.590668254682545,3.758179922955264,4.3132854864485175,3.872341924135635,3.651452332670437,3.953436960099055,0.3393686338882165,0.8862523059284441
4647,0.1403040416807686,-0.9117720251046798,0.1571702662784894,-1.5997861961069693,-1.0280595880037842,1.8709940427368872,-0.7379476467198219,0.8416404588217026,0,0,0,0,0,0,1,0,0,0,0,0,0,1,1.6866598793074958,-1.05270138070643,-1.193390536199511,-0.3238970021306692,-1.6567029621643463,-0.5089007722823711,0.5191674984860655,-1.4574379922329723,-0.986138841082231,-1.0792300757503193,-2.7240952214007104,-3.5209671802839724,-4.601281847074557,-2.6610156142831074,-1.0093796021685388,-0.5763434225285576,-0.6807571167856054,-0.1125445335386287,-0.6166578863553568,-0.7614074665794637,-2.6215441637904844,2.590664198347882,3.758184353813886,4.313329694264498,3.872413803820605,3.65151376148595,3.953546713593807,0.3394283288404409
4648,0.2082483441007923,-0.9117720251046798,0.1571702662784894,-1.5997861961069693,-0.999205314322592,2.130861608508369,-0.6952251215354511,1.2432499351097943,0,0,0,0,0,0,1,0,0,0,0,0,0,1,1.888626089064489,-1.0301274136193317,-1.2567622271923924,-0.3947323748022315,-1.704447012371168,-0.5826755947662028,0.6965480923610445,-1.515725333704515,-0.879055297356118,-1.0606714487231264,-1.6928027092554587,-2.723866198921675,-3.5206359300745627,-4.601190542215495,-2.660885158776029,-1.0092967433605995,-0.5762788144000026,-0.6807086721810739,-0.1124700763608854,-0.6166208780628987,-0.7613791672643864,-2.621561070008552,2.590658803072898,3.758226351940669,4.313405728677691,3.872476640258789,3.651620839789079,3.9534349731083247
4767,0.1403040416807686,-0.9117720251046798,0.3650603690447588,-1.5857607148843236,-0.868885462861383,1.6448546529926067,-0.8697801826122177,-0.0766412755492345,0,0,0,0,0,0,1,0,0,0,0,0,0,1,1.47835805572225,-0.9010173070321912,-1.193390536199511,-0.2791700874417509,-1.644517668136553,-0.4699149881083966,0.4718532791760536,-1.4370081499002123,-0.9870906948042408,-1.0801111975082869,10.910446456916468,4.031810068010072,-0.0635598977453587,-0.0225394774328766,0.0019392574180108,-0.3178558609314286,-0.0096246945653449,-0.5159262679487447,-0.2920994370944486,-0.2670982616659075,-0.2792142564904334,2.7192824718429245,3.3700011229156943,1.8037292974145056,1.578212548223597,1.5817642591229346,0.6596005507543315,0.0787043720404367
4768,0.2082483441007923,-0.9117720251046798,0.3650603690447588,-1.5857607148843236,-0.8511289867498801,1.8947643763179625,-0.731040341562549,0.3861688837856443,0,0,0,0,0,0,1,0,0,0,0,0,0,1,1.6742273362961244,-0.8910144349563369,-1.2567622271923924,-0.3506379741650064,-1.6924340389639718,-0.5442411353701132,0.6346624923784082,-1.4955844038183037,-0.8878599442847095,-1.0688218249843269,12.85218914711486,10.910167688612988,4.031605424828679,-0.0635240345514653,-0.0224842657510294,0.0019861361321438,-0.3177981444380393,-0.0095893451592806,-0.5158527105098826,-0.2920645327209697,-0.2670746620280289,-0.2792253880654542,2.7192781590547224,3.3700415758028064,1.803781687844114,1.5782607695812363,1.5818529984029062,0.6596450557802089
4769,0.1383534875443086,-0.9117720251046798,0.3650603690447588,-1.5857607148843236,-0.8432019884858163,2.0232526659453947,-0.7370217465858452,0.4771731344547494,0,0,0,0,0,0,1,0,0,0,0,0,0,1,1.8279573472002333,-0.8763377382336358,-1.1915443961704482,-0.2770880895590192,-1.643121771501226,-0.4677497235633612,0.7677362436354089,-1.435301710235807,-0.8372927153029339,-0.9391317162334692,7.508604413596674,12.851838062552911,10.909475004242598,4.031591253492655,-0.0634676540757033,-0.0224365181114863,0.0020353251964343,-0.3177567819228555,-0.0095146583410304,-0.5158163556772963,-0.292040695714631,-0.2670857636748041,-0.2792549371209091,2.719316021611138,3.370108723108388,1.8038313461773177,1.578349477818526,1.5818537571748497
4770,0.0353456524331586,-0.9117720251046798,0.3650603690447588,-1.5857607148843236,-0.8282992317493764,2.038350039976618,-0.8126320873442017,0.7246007006642388,0,0,0,0,0,0,1,0,0,0,0,0,0,1,1.898820586835105,-0.8507621180529836,-1.0918412958402353,-0.1646471909698138,-1.567734628548034,-0.3508119047757026,0.8436591837314151,-1.3431433027535211,-0.8261084340693177,-0.80663303187909,14.774537362003668,7.508452339983338,12.851007610539405,10.909376799431948,4.031530849838846,-0.063418448353833,-0.0223866779055247,0.0020704470911047,-0.317682782468958,-0.0094815857962426,-0.5157903913358198,-0.2920518589112042,-0.2671152105598396,-0.279229010815025,2.719377038162062,3.370168359640201,1.80392205308354,1.5783504027769637
4771,-0.0624607049807646,-0.9117720251046798,0.3650603690447588,-1.5857607148843236,-0.743638890289175,1.7698095146552844,-0.1944963121348319,3.112198500683223,0,0,0,0,0,0,1,0,0,0,0,0,0,1,1.6968699798498816,-0.7552051387448928,-0.9929797037345718,-0.0531553094184452,-1.492983763710671,-0.2348610576664043,0.7578640012176371,-1.251762725224375,-0.8938090300472713,-0.7533251655220495,5.092552801097481,14.774114683491051,7.508001018056565,12.850885684178188,10.90912025570836,4.031434366168187,-0.0633675155130463,-0.0223510794864502,0.0021451599164037,-0.3176477122538996,-0.0094604354658127,-0.5158021061517958,-0.2920815159177672,-0.2670892359293872,-0.2791962447973787,2.71943252924414,3.370272945081352,1.80391227820032
4772,-0.1837201537973619,-0.9117720251046798,0.3650603690447588,-1.5857607148843236,-0.7030526591771683,1.525360543639095,-0.2849975029407389,2.503997096063898,0,0,0,0,0,0,1,0,0,0,0,0,0,1,1.5215539740590336,-0.6967033105405812,-0.8643270072349605,0.0919337073967833,-1.3957073581605135,-0.0839694037460261,0.6644289439175978,-1.1328453837531671,-0.969124455801304,-0.6792558677428974,2.638060821660234,5.092490708414039,14.773147839882428,7.507944372288959,12.850573772678796,10.90877908530054,4.03137612458108,-0.0633311174720432,-0.0222764211331194,0.0021781568775393,-0.3176236320138028,-0.0094709020055529,-0.5158336463020092,-0.2920556406706019,-0.2670563555378993,-0.2791598559583761,2.719531348838047,3.370188871686865
4773,-0.2279791559889426,-0.9117720251046798,0.3650603690447588,-1.5857607148843236,-0.6453441118147838,1.13957445403273,-0.1292059131845057,1.588381435731243,0,0,0,0,0,0,1,0,0,0,0,0,0,1,1.1589384740834578,-0.6302188451722712,-0.8155902593738921,0.1468969302621159,-1.3588567069178992,-0.0268080018357343,0.4289107914126882,-1.087796623445152,-1.0903668236423143,-0.7390069369550759,4.827546921976556,2.638090141539995,5.092210806592511,14.77300242890576,7.507784830309486,12.850163530406055,10.908537484210866,4.031332625601966,-0.0632565505242729,-0.0222432658614299,0.0021991963522007,-0.3176348582810497,-0.0094981807330244,-0.5158086617441908,-0.292022995497942,-0.2670198893624125,-0.2790876054034412,2.719478142813105
4774,-0.1426656334013941,-0.9117720251046798,0.3650603690447588,-1.5857607148843236,-0.5603666904240199,0.5626620336055596,0.1084929969741567,0.6436117611264015,0,0,0,0,0,0,1,0,0,0,0,0,0,1,0.5577969310098887,-0.5583292549397192,-0.9086690670637978,0.0419266260127768,-1.4292351139884087,-0.1359764500641709,0.0087592472059289,-1.1738320090915522,-1.272170884546204,-1.0084649845635456,7.582678799714647,4.827494698898262,2.637984387187528,5.09218367683173,14.772635702653869,7.507564670566613,12.849870169327508,10.90835979741738,4.031416325655825,-0.06322312960283,-0.0222219941984894,0.0021887585574343,-0.3176647306011751,-0.0094711806073346,-0.5157781246413112,-0.291986688371036,-0.2669475312412584,-0.2789985745098914
4775,-0.0104459280084977,-0.9117720251046798,0.3650603690447588,-1.5857607148843236,-0.4896578659085707,-0.0813855181519439,0.2823952519772423,-0.1354615001459824,0,0,0,0,0,0,1,0,0,0,0,0,0,1,-0.0917597962406695,-0.5122297888200857,-1.0460806620770589,-0.1130403024848837,-1.53313426579394,-0.2971410692562057,-0.4697110587492147,-1.3008454492361563,-1.484196301123908,-1.3615194589591924,1.593680262855574,7.582523967351411,4.827233599380233,2.6379872430452824,5.092093027298556,14.77215707841842,7.507413750547712,12.849654603069462,10.908458836610828,4.031423203253569,-0.0632014683211462,-0.0222324921998295,0.0021615779608746,-0.3176389571930258,-0.0094358730895684,-0.5157432429339174,-0.2919145514682973,-0.2668590762017153
4776,-0.1341667903782469,-0.9117720251046798,0.3650603690447588,-1.5857607148843236,-0.4436812759770006,-0.5204942479536934,0.0891373409875735,-0.4876889986404704,0,0,0,0,0,0,1,0,0,0,0,0,0,1,-0.5037239809619839,-0.4418470619891522,-0.9177465350284258,0.0316894453084951,-1.4360987358099564,-0.1466230528316164,-0.7412730347254041,-1.1822225705567515,-1.6295919571609192,-1.3494040347871377,2.141833473341796,1.593748478565772,7.582067389808823,4.827209707098029,2.6379665820653377,5.091958811584961,14.77181247433908,7.507302426797982,12.849757972301353,10.90842113444091,4.031405934416583,-0.0632120673508832,-0.0222598783323556,0.0021886245005262,-0.3176065530513749,-0.0093977657572337,-0.5156730886269619,-0.2918249121395613
4777,-0.2948552978104287,-0.9117720251046798,0.3650603690447588,-1.5857607148843236,-0.4065829241011821,-0.7023051777765098,-0.5626770182861299,-0.5134164271569115,0,0,0,0,0,0,1,0,0,0,0,0,0,1,-0.6800989459339073,-0.3681219519858242,-0.7400454913905953,0.2320930933465339,-1.3017360737133092,0.0617954654539332,-0.8237455674579148,-1.0179684487153664,-1.6830147473087245,-1.208314413292574,3.071606518103088,2.1418812742001965,1.5937168235514063,7.582009839101904,4.827126614068699,2.6379196777855936,5.091872294952365,14.771559406963382,7.507393879967346,12.849707685846214,10.908338482094877,4.031405429992263,-0.0632397983787902,-0.0222329290071123,0.0022240418701401,-0.3175704089030887,-0.0093231249742962,-0.5155728355039103
4778,-0.3110170320839545,-0.9117720251046798,0.3650603690447588,-1.5857607148843236,-0.385338568753491,-0.7405304439406709,-0.0095859857756993,-0.5886539682134926,0,0,0,0,0,0,1,0,0,0,0,0,0,1,-0.718871123175527,-0.3419541542545464,-0.721435070983289,0.2530811306973275,-1.2876644308153655,0.083622890698926,-0.8341537974682526,-1.000766308544872,-1.6892017965017887,-1.194877306483568,3.808202594958678,3.071619691454888,2.141810727433459,1.593732438219255,7.581848184930108,4.827001825170705,2.637898589223456,5.091808103472987,14.77166706298451,7.507378224874399,12.84960657659092,10.908354931657524,4.031412160391935,-0.0632130121821756,-0.0221977417230574,0.0022622234813097,-0.3174984986850009,-0.0092468901275267
4779,-0.2970380607726577,-0.9117720251046798,0.3650603690447588,-1.5857607148843236,-0.3799482099339277,-0.7405304439406709,0.3952298424962484,-0.5886539682134926,0,0,0,0,0,0,1,0,0,0,0,0,0,0,-0.718871123175527,-0.3396482946214576,-0.7375401876093458,0.2349184679584533,-1.2998417725965663,0.0647338370653425,-0.8323663350925755,-1.0156527252727194,-1.6871791073425175,-1.2095810258196529,20.40784088718904,3.808188335287272,3.0714831768121487,2.141819645516757,1.5937415572039395,7.581625390205773,4.82692237265707,2.6378822799080828,5.09189416890668,14.771604317938255,7.50732790816698,12.849627812042298,10.908419540356544,4.031455246155722,-0.0631782109884382,-0.0221597156894917,0.0023369675776252,-0.3174076458036693
4780,-0.5331944365797804,-0.9117720251046798,0.3650603690447588,-1.6348498991635831,-0.397387606114868,-0.7405304439406709,-0.6576404774976948,-0.5886539682134926,0,0,0,0,0,0,1,0,0,0,0,0,0,0,-0.718871123175527,-0.2989440524913423,-0.4505878405457527,0.5585310702672182,-1.1325903591792292,0.4012888835030261,-0.8008131129042119,-0.7899446522157183,-1.732035213992234,-0.9710723799597952,0.2232114502718895,20.407208407740487,3.807999558773816,3.0714807362028624,2.141813134199745,1.5937318037337482,7.5814724956258654,4.826863350905307,2.637962871885031,5.091894172058644,14.771484936124631,7.507335973077233,12.84970875902806,10.908490001400295,4.031528624913125,-0.0631404460186557,-0.022085187983859,0.0024126493379042
4781,-0.7483126927722271,-0.9117720251046798,0.3650603690447588,-1.5235607546795475,-0.4601694323662533,-0.7405304439406709,-0.5357279373109141,-0.5886539682134926,0,0,0,0,0,0,1,0,0,0,0,0,0,0,-0.718871123175527,-0.3125270471944949,-0.1585442026903145,0.8878854129001853,-0.7955350216427141,0.7438153033287017,-0.8113424147023368,-0.4275822995220104,-1.668736941478576,-0.6573930341233261,-0.4236886638117993,0.2233307063065203,20.405841878347765,3.807988119443344,3.0714477128944573,2.1417838817687995,1.5937385546615572,7.581359726834989,4.826948825382408,2.6379787824109715,5.091866820724342,14.77151090966242,7.507371957864834,12.849786947755224,10.908628171547225,4.031592474983361,-0.0630662814229363,-0.0220083477795753
4782,-0.8902387270822696,-0.9117720251046798,0.3650603690447588,-1.5235607546795475,-0.5391223350763289,-0.7405304439406709,-0.1179204032821301,-0.5886539682134926,0,0,0,0,0,0,1,0,0,0,0,0,0,0,-0.718871123175527,-0.3680633285172161,0.052696763872944,1.1261139536432414,-0.6332649035177874,0.9915714692522476,-0.8543931763032957,-0.2303008895449704,-1.698363388576134,-0.5165236930682543,0.0097618246853191,-0.4235453152977226,0.2233962867596723,20.405627647390418,3.8079340924836074,3.0713853864838963,2.1417760208717675,1.593742619094242,7.5814513451884125,4.826950546017118,2.6379747618382443,5.091868930698218,14.771608031745185,7.5074288803700036,12.84994340766382,10.908735831794766,4.031702920975342,-0.0629874973156306
4783,-1.060308471075521,-0.9117720251046798,0.3650603690447588,-1.5235607546795475,-0.5724157277853968,-0.7405304439406709,-0.466219190548197,-0.5886539682134926,0,0,0,0,0,0,1,0,0,0,0,0,0,0,-0.718871123175527,-0.362214230977419,0.3281612619044026,1.4367710504185542,-0.4216598471595413,1.3146528724037092,-0.8498590573855507,0.0269599318496808,-1.7108564686775138,-0.3264216737867423,-0.2139285832439821,0.0098890302172607,-0.4234338369485714,0.2234286439369174,20.405100290439,3.807845563803828,3.07135274112768,2.141769391946257,1.5938208821282314,7.581435210025059,4.8269257136517245,2.6379708221302747,5.091884586250522,14.771693870970267,7.507535007713058,12.850063434951291,10.908907212741015,4.03158747321719
4784,-1.1566286920045226,-0.9117720251046798,0.3650603690447588,-1.5235607546795475,-0.582879365493961,-0.7405304439406709,-0.6761449605314304,-0.5886539682134926,0,0,0,0,0,0,1,0,0,0,0,0,0,0,-0.718871123175527,-0.3476321481395095,0.4962550927185192,1.6263400941237445,-0.2925342981429398,1.511803471151019,-0.8385552798018067,0.1839455227176356,-1.7147828652808046,-0.2158408931618072,-0.1845249053281566,-0.2137930468176135,0.0099697550311926,-0.4233935768324639,0.2234768411219958,20.40442127776789,3.807793283402796,3.0713279742144355,2.141848877348424,1.5938435612043496,7.581384189215994,4.826927170455303,2.637965825000854,5.0919318934333,14.771868437959098,7.507621001487179,12.850252017037985,10.908465550695146
4785,-1.035972986134925,-0.9117720251046798,0.3650603690447588,-1.5235607546795475,-0.5911234436885874,-0.7405304439406709,-0.6034843823102725,-0.5886539682134926,0,0,0,0,0,0,1,0,0,0,0,0,0,0,-0.718871123175527,-0.3928424787248978,0.2871312797618577,1.3904991888021423,-0.453178070907777,1.266530430867236,-0.8736015435698453,-0.0113586427152107,-1.7178763898773368,-0.3617766843251927,-0.0233087113134966,-0.1843904639819872,-0.2136964510541245,0.0100047198433792,-0.4233269336294529,0.2235158381052902,20.40392650975115,3.8077541469929495,3.071409532987624,2.1418680038856905,1.5938494678157464,7.581392436700267,4.826940596184848,2.638003363877537,5.092015263379926,14.77200070876228,7.507762246842837,12.849718268966214
4786,-0.7206334007405565,-0.9117720251046798,0.3650603690447588,-1.5235607546795475,-0.601270001466589,-0.6913836731581781,-0.4254723711688314,-0.5502579456691341,0,0,0,0,0,0,1,0,0,0,0,0,0,0,-0.6635446882958197,-0.4844329547732655,-0.1979388482850994,0.8434578140029562,-0.8257970200521997,0.6976108832804816,-0.9008030624303908,-0.4643736064116121,-1.7034796023319372,-0.7223757637734373,-0.4279275706954625,-0.0231802741366822,-0.1842959544245778,-0.213658753499155,0.0100590034327348,-0.4232649250506868,0.2235591208819631,20.403563548040683,3.807837348357272,3.071422633737208,2.1418687001187418,1.5938429539823935,7.581429044767444,4.826986848705983,2.638063614348273,5.092085869220868,14.77220632018133,7.507481915191616
4787,-0.3683261702837557,-0.9117720251046798,0.3650603690447588,-1.5235607546795475,-0.6780033446627267,-0.4639594005176231,-0.368656139901911,-0.5014841941046951,0,0,0,0,0,0,1,0,0,0,0,0,0,0,-0.4334681796712538,-0.640419065220394,-0.6542961792395262,0.3287975055437428,-1.1763595042423831,0.162367438564879,-0.8395863066455452,-0.8905732170685132,-1.6480341230248607,-1.088812274868217,-0.8190972895350599,-0.4277840643119174,-0.0230972029512025,-0.1842586160834403,-0.2135980914949774,0.0101055932674303,-0.4232043982061587,0.2235899203836546,20.40368376619012,3.807845675284264,3.0714144921686253,2.141863537339926,1.5938291691855204,7.581486262071408,4.827067722495732,2.6381185874277406,5.092205711718511,14.771581405855448
4788,-0.1335166056660936,-0.9117720251046798,0.3650603690447588,-1.5235607546795475,-0.8073719563322479,0.0734428708491117,-0.520372542384984,-0.4284771894542813,0,0,0,0,0,0,1,0,0,0,0,0,0,0,0.076900307932378,-0.8098245017939264,-0.9184395624520316,0.0309078785768772,-1.3792679584743213,-0.1474358772574174,-0.5668856398320079,-1.1372610632948923,-1.4975222532320465,-1.2279193724073534,-0.5591482756999961,-0.8189392148306787,-0.4276722852101415,-0.0230618341285381,-0.1841987925097381,-0.2135435445227484,0.0101545658557869,-0.4231609789943127,0.2236651273058996,20.40358451213644,3.807830532125296,3.071411621037596,2.1418543648350825,1.5938625516709568,7.581593087139695,4.827136640503211,2.638216686539164,5.092039959919961
4789,0.0100348904243323,-0.9117720251046798,0.3650603690447588,-1.5235607546795475,-0.8692025427919456,0.8225295993770411,-0.6907128371417588,-0.3134207595666325,0,0,0,0,0,0,1,0,0,0,0,0,0,0,0.7616142178220199,-0.8879718363989271,-1.0666601008345131,-0.1362489146412351,-1.49312733273856,-0.3212778781638592,-0.0854269553890681,-1.2756866597849343,-1.2432583277401534,-1.1627714324276233,-3.897478570044535,-0.5589998822680964,-0.8187996820360489,-0.4276319733088801,-0.0230066075501696,-0.1841452914880768,-0.21348860913969,0.0101895293270756,-0.4230872146434113,0.2236966882851196,20.403411583901597,3.807829476511265,3.071410271865209,2.141889928842557,1.5939129648591297,7.58167955269666,4.8272541354172285,2.638167337605493
4790,0.0807656987535845,-0.9117720251046798,0.3650603690447588,-1.5235607546795475,-0.8787149407088222,1.491632367611894,-0.7900365830659961,-0.1856662433132406,0,0,0,0,0,0,1,0,0,0,0,0,0,1,1.3633955348494922,-0.904491487312404,-1.1363454667953123,-0.2148370943588064,-1.5466579179749764,-0.4030090848152755,0.3781528665009968,-1.3407669681890126,-0.9989888663293646,-1.0205253386257271,-2.9651450510048525,-3.897205847288449,-0.5588787929897722,-0.8187545913593546,-0.4275652092356595,-0.0229588413270643,-0.1840911399030208,-0.2134492819218955,0.0102642602619055,-0.4230514611542435,0.2237156216578094,20.40345144206168,3.807834325234192,3.0714495361527328,2.141945505223375,1.5939612862353936,7.581821454248387,4.82710095136948
4791,0.1403040416807686,-0.9117720251046798,0.3650603690447588,-1.486972542794385,-0.896471416820325,1.928813773069232,-0.7011065284220843,-0.1130601248281935,0,0,0,0,0,0,1,0,0,0,0,0,0,1,1.7399188682923596,-0.9273051843422684,-1.193390536199511,-0.2791700874417509,-1.5586908145494829,-0.4699149881083966,0.658533639522982,-1.3687682641701686,-0.8151621162662038,-0.9209585799753872,-2.8769811442490587,-2.964907051115025,-3.896847901757784,-0.5588368780138064,-0.8186766732864804,-0.4275030498700744,-0.0229089871952448,-0.1840523862913901,-0.2133750498111736,0.0102972045917528,-0.4230263787810883,0.2237057299766716,20.40359596410571,3.807876521002448,3.0715138702991784,2.1419973178102283,1.594050133587169,7.581537609662176
4792,0.2082483441007923,-0.9117720251046798,0.3650603690447588,-1.6257028461922924,-0.9154962126540782,2.12829184271582,-0.61260813852415,0.2432842752602761,0,0,0,0,0,0,1,0,0,0,0,0,0,1,1.8862924971976225,-0.9514853871374672,-1.2567622271923924,-0.3506379741650064,-1.7266448980149007,-0.5442411353701132,0.7556626953295325,-1.5227850410873107,-0.8566867348888855,-1.0399650874108877,-3.769038274831641,-2.87674642784468,-2.964615255127329,-3.8967652036382634,-0.5587663722509109,-0.8186005991925859,-0.427442410031289,-0.0228733785848227,-0.1839780886111895,-0.2133406557609752,0.0103181668740354,-0.4230378649020974,0.2236804137278985,20.403704222566063,3.807947793332185,3.0715716046492134,2.1420910210372983,1.5940503137984652
4793,0.1383534875443086,-0.9117720251046798,0.3650603690447588,-1.6257028461922924,-0.9342039285572687,2.203457492147868,-0.6777411971055144,0.445219441840889,0,0,0,0,0,0,1,0,0,0,0,0,0,1,1.9940162467679692,-0.963093243763762,-1.1915443961704482,-0.2770880895590192,-1.6778376658924428,-0.4677497235633612,0.831941377155007,-1.4629038949514517,-0.8358649347199191,-0.9378100335965178,-2.370531699436258,-3.7687703355732,-2.8764608871315387,-2.9645439469807573,-3.896599507135508,-0.5586995450893006,-0.8185295321533291,-0.4273989081269607,-0.0227987213964748,-0.1839438851239691,-0.2133175672270619,0.0103077490953037,-0.4230686243229304,0.2237083420668288,20.403931851054438,3.8080102190932608,3.0716735443727066,2.142065205399096
4794,0.0353456524331586,-0.9117720251046798,0.3650603690447588,-1.6257028461922924,-0.9443504863352704,2.185790352324096,-0.7772134739818283,0.2866721798174191,0,0,0,0,0,0,1,0,0,0,0,0,0,1,2.0377086338695385,-0.9638586075526616,-1.0918412958402353,-0.1646471909698138,-1.603222606101386,-0.3508119047757026,0.8659360978426253,-1.371359361385734,-0.8462163439467766,-0.8252467290161558,-1.86288368943586,-2.370315844711718,-3.768421502947578,-2.8763906560507304,-2.964404835479979,-3.89641392855523,-0.5586354073708708,-0.8184783993205691,-0.4273251532287173,-0.022765562739024,-0.1839210760817815,-0.2133285363442421,0.0102806368304024,-0.4230432704957036,0.2237458464653467,20.404100000602003,3.808118684033834,3.0716036347847155
4795,-0.0624607049807646,-0.9117720251046798,0.3650603690447588,-1.6257028461922924,-0.8834711396672604,2.079466292657396,-0.2854041189888584,0.2159864674938738,0,0,0,0,0,0,1,0,0,0,0,0,0,1,1.9948577499479616,-0.8944168748384951,-0.9929797037345718,-0.0531553094184452,-1.5292373079354082,-0.2348610576664043,0.8858442622162366,-1.280587476590746,-0.8627548023666985,-0.7245785681683563,-3.0955743908436277,-1.8626867410292824,-2.3700662368473133,-3.7683403739355255,-2.8762540584975764,-2.9642524219607638,-3.896260802764506,-0.5585893456165325,-0.8184055167211778,-0.4272893722675197,-0.0227442861103116,-0.1839319727265731,-0.21335753079366,0.0103077156895642,-0.423011859411695,0.2237854392687596,20.404355515257755,3.808013841802216
4796,-0.1837201537973619,-0.9117720251046798,0.3650603690447588,-1.6257028461922924,-0.868251303000258,1.7996830419936625,-0.1832744647543397,0.4746167950703799,0,0,0,0,0,0,1,0,0,0,0,0,0,1,1.7927934173590498,-0.8656884640750876,-0.8643270072349605,0.0919337073967833,-1.4329571660962246,-0.0839694037460261,0.7481547048808747,-1.1624622522594823,-0.9606767540184664,-0.6714359121409348,-2.6500128490693906,-3.0953315333782325,-1.8624731510524308,-2.3700021928716115,-3.768178339840517,-2.876104781153657,-2.964124148882407,-3.8961496169519134,-0.5585158833372339,-0.81836720061908,-0.4272642496021465,-0.0227547853992797,-0.1839607197664225,-0.2133313421701941,0.0103432095524951,-0.4229763867420066,0.2238621461723518,20.403463444764917
5472,-0.1660258412737604,-0.9117720251046798,-0.5826739229779399,-1.6119822667353567,-0.8958372569592,-0.6576554971309772,-0.5824207420558069,-0.5213819241754116,0,0,0,0,0,0,0,1,0,0,0,0,0,1,-0.637254870468386,-0.8958213633171238,-0.8835390053624416,-0.1477336474157892,-1.4345902675525692,-0.2965207652613311,-1.198892522234591,-1.2223234089622814,-1.9258564281364985,-1.585875086581695,8.555401381051324,2.588471820889941,0.3178339568341645,-0.7897817216475788,-1.4603531309351756,-1.9359189343627183,-1.9867651734708056,-1.372816255654827,-2.64378532146638,-2.8998421776571286,-1.0875524046830574,-0.6006180599124509,0.1115109054436227,-0.0550810568832754,-0.5814753418486994,-0.1780979638815389,-0.0063439181688466,-0.1805408723479941
5473,-0.2433978220200074,-0.9117720251046798,-0.5826739229779399,-1.6119822667353567,-0.7785176826510557,-0.7405304439406709,-0.4130041321341489,-0.5886539682134926,0,0,0,0,0,0,0,1,0,0,0,0,0,1,-0.718871123175527,-0.7656804341924455,-0.79837889059992,-0.0555686372269117,-1.3706322446944754,-0.2000173841428122,-1.1626190570643158,-1.144882304443099,-1.91253047602836,-1.4817925789217712,11.860295269791015,8.555210321613322,2.588369587113975,0.3178651601765687,-0.7897046298203979,-1.4602542276624122,-1.935818078074484,-1.9866912459151675,-1.3727446095004203,-2.643735172514993,-2.899793547033728,-1.0875655290876334,-0.6006503138970701,0.1115383872697716,-0.0550461790750229,-0.5814408786617464,-0.1780248178673338,-0.0062678246381969
5474,-0.2741422705518295,-0.9117720251046798,-0.5826739229779399,-1.6119822667353567,-0.6770521048710391,-0.7405304439406709,-0.2515605322005551,-0.5886539682134926,0,0,0,0,0,0,0,1,0,0,0,0,0,1,-0.718871123175527,-0.6553957035652545,-0.7636932881671583,-0.0180299501251216,-1.3445822263328555,-0.1607116842828664,-1.0771282475722743,-1.1133406447025411,-1.8744563271479644,-1.4100912958671568,0.90115699190901,11.85998112629977,8.55468472890301,2.588373049162934,0.3179106642295682,-0.7896295864764314,-1.4601660532517873,-1.9357451446033265,-1.9866209690027217,-1.3727026999483882,-2.6436889768457474,-2.899811139231538,-1.0876018813561472,-0.6006256669686729,0.1115748348687395,-0.0550083623005867,-0.5813713064689365,-0.1779405808004397
5475,-0.3572730301771489,-0.9117720251046798,-0.5826739229779399,-1.6119822667353567,-0.6266363959115933,-0.7405304439406709,-0.3092293383756517,-0.5886539682134926,0,0,0,0,0,0,0,1,0,0,0,0,0,0,-0.718871123175527,-0.5876344304051545,-0.6673864702012907,0.0861986419080684,-1.272252665927401,-0.0515768670695617,-1.0246008844303096,-1.0257631869125612,-1.8555382344230176,-1.2940035042549245,2.5207755554612663,0.9012509992403688,11.8592210496673,8.554615294804943,2.588353803076109,0.3179463015031315,-0.7895592918443605,-1.4601024007473364,-1.9356747540561168,-1.9865750800561404,-1.3726685887037713,-2.6437059376583414,-2.8998627438577853,-1.087579172834204,-0.6005959289618892,0.1116137130930085,-0.0549341256505093,-0.5812679370072641
5476,-0.6779069767990515,-0.9117720251046798,-0.5826739229779399,-1.6119822667353567,-0.6193435575086546,-0.7405304439406709,-0.6223793242048814,-0.5886539682134926,0,0,0,0,0,0,0,1,0,0,0,0,0,0,-0.718871123175527,-0.514944665391748,-0.2576567286835988,0.529630944776257,-0.9645322706847864,0.4127285828647959,-0.9682530399241708,-0.6531718179839072,-1.8528016549722397,-0.9112662406377436,0.8811580281587876,2.5208092433922977,0.90126847910846,11.85911124090585,8.554425903958215,2.5883086638899604,0.3179870666333139,-0.7895087242816334,-1.4600309492837944,-1.9356291953634812,-1.986535132379592,-1.372682416017098,-2.6437553868327397,-2.8998472493965144,-1.0875540226178566,-0.600561587581565,0.1116894260986041,-0.0548557272850386
5477,-0.860144463262601,-0.9117720251046798,-0.5826739229779399,-1.6119822667353567,-0.6244168363976554,-0.7405304439406709,-0.8118520569570815,-0.5886539682134926,0,0,0,0,0,0,0,1,0,0,0,0,0,0,-0.718871123175527,-0.4792062828273035,0.0065641020809814,0.8155854156860163,-0.7660938117800457,0.7121434392424616,-0.9405492659021908,-0.4129002656445951,-1.854705362416259,-0.6969333730121225,1.6712348825807857,0.8812527803108884,2.5207118104898245,0.901292554076364,11.858827612740855,8.554168507449058,2.588288898025928,0.318016023648114,-0.7894357770656747,-1.4599884739064466,-1.9355897320582744,-1.9865504730835637,-1.3727211679077884,-2.64373887288578,-2.899839173307469,-1.0875227833767815,-0.6004921848078676,0.1117599208187933
5478,-0.990738706875114,-0.9117720251046798,-0.5826739229779399,-1.6119822667353567,-0.6355146339673448,-0.7405304439406709,-0.7773670927684284,-0.5886539682134926,0,0,0,0,0,0,0,1,0,0,0,0,0,0,-0.718871123175527,-0.4607152852494064,0.2123371848664912,1.0382844846622543,-0.6115515173141852,0.9453253494284464,-0.9262153654405432,-0.2257786905308894,-1.8588697224500523,-0.5459311317404233,1.1629815732465305,1.6713002099268592,0.8812716791157497,2.520716099178194,0.9013214199994036,11.85845265421619,8.553989683527307,2.58827355669948,0.3180914411868277,-0.7893976487571323,-1.459953532786607,-1.9356049471644377,-1.9865943914567408,-1.3726995943592228,-2.643728383893765,-2.899819479127396,-1.087457695324569,-0.600387908363729
5479,-1.1607155673380578,-0.9117720251046798,-0.5826739229779399,-1.6119822667353567,-0.6307584350089064,-0.7405304439406709,-0.3796168254296611,-0.5886539682134926,0,0,0,0,0,0,0,1,0,0,0,0,0,0,-0.718871123175527,-0.4093162940790209,0.5035957730963814,1.3535007197115252,-0.3928068209786918,1.2753793732208234,-0.8863717593743092,0.0390798860001376,-1.857084996721284,-0.3427224263091431,1.2427911384906971,1.163065829453709,1.6712630523723135,0.8812959984035794,2.520698782526185,0.9013363010361768,11.858185733518397,8.553857938890284,2.588354038024673,0.318122390056536,-0.7893690833235615,-1.4599675752871255,-1.9356484367660507,-1.9865752615512355,-1.3726771303803236,-2.643707058174259,-2.89977044893679,-1.0873303200890585
5480,-1.2279632432807743,-0.9117720251046798,-0.5826739229779399,-1.6119822667353567,-0.6206118772309047,-0.7405304439406709,-0.1165415692796458,-0.5886539682134926,0,0,0,0,0,0,0,1,0,0,0,0,0,0,-0.718871123175527,-0.3764739481242656,0.6269413743219607,1.4869921860559523,-0.300170252737442,1.415154520278323,-0.8609129426793584,0.1512453007970575,-1.853277581833244,-0.2594564201812039,1.1838961837527178,1.2428724223528904,1.1630647327330157,1.6712777195841253,0.8813254345865955,2.520656050329645,0.901361512183756,11.857989517099629,8.553951726391139,2.5883702701351146,0.3181404256706706,-0.7893814726044309,-1.4600070617937349,-1.935629104060156,-1.9865585811489632,-1.3726477075000296,-2.643655758698596,-2.899557108200044
5481,-1.121332950487627,-0.9117720251046798,-0.5826739229779399,-1.6119822667353567,-0.6231485166754052,-0.7405304439406709,-0.2210051236211279,-0.5886539682134926,0,0,0,0,0,0,0,1,0,0,0,0,0,0,-0.718871123175527,-0.4103565747903162,0.4335768000157565,1.2777222947365674,-0.4453933527521523,1.1960339230230443,-0.887178166930476,-0.0245924872438779,-1.854229435555254,-0.3867785142075236,1.137171694190759,1.1839796610377529,1.2428656631024717,1.1630856090870785,1.6712846271394484,0.8813410270285047,2.520638088177667,0.9013790863419214,11.85809067443257,8.553929287087454,2.588366721218573,0.3181307667789176,-0.7894153152738738,-1.459985835703831,-1.935611943673057,-1.986533068966053,-1.372585145798267,-2.643454566542539
5482,-0.8903316106125773,-0.9117720251046798,-0.5826739229779399,-1.6119822667353567,-0.6409049927869082,-0.7244694077372419,-0.4133244656910771,-0.5778455026848293,0,0,0,0,0,0,0,1,0,0,0,0,0,0,-0.699962670002911,-0.4920053604385722,0.0528403084362314,0.8656680986665138,-0.7313388719574714,0.7645836031745233,-0.9355024709087016,-0.3708185875831969,-1.8549433258467616,-0.6613580820341802,1.3219208462758285,1.1372569116344056,1.183977080414681,1.2428855644526642,1.163107009219314,1.671272114888578,0.8813667712776874,2.5206240668601354,0.9014558050660496,11.858046816365457,8.553869020227143,2.588362659209844,0.3181062452372373,-0.7893914197616776,-1.4599641940847226,-1.9355861069374476,-1.9864759465978168,-1.3724442457866677
5483,-0.6551505118736847,-0.9117720251046798,-0.5826739229779399,-1.6119822667353567,-0.6567589893150357,-0.6030479740393185,-0.44583399134671,-0.4885661767627924,0,0,0,0,0,0,0,1,0,0,0,0,0,0,-0.5666732755162969,-0.5627519973383086,-0.2889345233225366,0.495780376706661,-0.9880229142806356,0.3772846083585917,-0.884828723284518,-0.6816145575283299,-1.815917323244356,-0.9041071263542568,1.7786551223370086,1.3219991831129445,1.1372576461379134,1.1839977012627008,1.2429046888569482,1.1631125766059285,1.6712767984846677,0.8813847355751036,2.520704397293825,0.9014829723322908,11.857955135390943,8.553879665218597,2.5883572445644734,0.318134549456755,-0.7893634601951451,-1.459935327261777,-1.9355285331534648,-1.986305927202552
5484,-0.3750137844659043,-0.9117720251046798,-0.5826739229779399,-1.6119822667353567,-0.6754667052182263,-0.2570932542174574,-0.5256678831540335,-0.1217419639638648,0,0,0,0,0,0,0,1,0,0,0,0,0,0,-0.2192057100274737,-0.6365456326644738,-0.6463427170902021,0.1089733613328161,-1.256448121203003,-0.0277301011004625,-0.6669680070511557,-1.006626863661986,-1.694793937118597,-1.124167285406667,0.4696311106122121,1.7787164490346634,1.321986809569037,1.1372788378016996,1.1840185050257723,1.242907417249736,1.1631308084366885,1.6712793499839014,0.8814614097020346,2.520721067936566,0.9014954616074138,11.857973926082904,8.553924458005888,2.588394585964448,0.3181729434836378,-0.7893303213478011,-1.4598735389722934,-1.935360930405064
5485,-0.1555300023489994,-0.9117720251046798,-0.5826739229779399,-1.6119822667353567,-0.7363460518862363,0.3538685629609824,-0.3536122298169834,1.3704880854379298,0,0,0,0,0,0,0,1,0,0,0,0,0,0,0.3563589405217065,-0.7348386461202967,-0.8948627558338103,-0.159988839655493,-1.443094773370895,-0.309352831193567,-0.2875312643384336,-1.2326207617341485,-1.491335204038982,-1.1960888489007735,0.9040210665494732,0.4697411892476238,1.7786716699588268,1.322005744220926,1.1373009738891184,1.1840233284357726,1.2429235216399088,1.1631432749279111,1.671357785962785,0.8814887065800234,2.520718162199253,0.90148724088502,11.858046527036688,8.553985546519048,2.588454369050364,0.318213137829581,-0.7892625911601707,-1.4597284985106218
5486,0.0097097980682556,-0.9117720251046798,-0.5826739229779399,-1.6119822667353567,-0.8099085957767483,0.9918129209611828,-0.4195233581113276,3.3539317946365417,0,0,0,0,0,0,0,1,0,0,0,0,0,1,0.9220703018634002,-0.8298316975797749,-1.066334872521164,-0.345565496352925,-1.5718759239036093,-0.503664911138783,0.0866634344846869,-1.3885504495644283,-1.2826412754883127,-1.1988423543944222,2.352296834433977,0.9041149672141952,0.4697892860990633,1.7786850248573944,1.3220226122830376,1.1373074593873285,1.1840410027570272,1.2429344312082635,1.163220577514416,1.6713799624133705,0.8815013859519399,2.520713933413726,0.901467629031949,11.858120768257368,8.554101533905426,2.588509026096914,0.3182906814101472,-0.7891493605536957
5487,0.163896458378904,-0.9117720251046798,-0.5826739229779399,-1.6119822667353567,-0.8479581874442547,1.4334914165554808,-0.6185588724778666,4.586972798339482,0,0,0,0,0,0,0,1,0,0,0,0,0,1,1.2737418953701225,-0.8835143066577845,-1.215600220223751,-0.5071087531958528,-1.6839790668703083,-0.6728122963589627,0.3234418860020295,-1.524286215359982,-1.133319222848011,-1.243449143391533,1.7954428232658015,2.352336797012416,0.9041322438747168,0.4698186328586755,1.7786888693808434,1.3220225258659566,1.1373263792181307,1.1840530612465865,1.243011911768136,1.1632460479156574,1.6713851318423454,0.8814931159373226,2.5207079494180644,0.9014982554361496,11.858267885268624,8.554194194772958,2.588606685642635,0.318351376176971
5488,0.316968516325861,-0.9117720251046798,-0.5826739229779399,-1.6119822667353567,-0.8520802265415678,1.694322644499168,-0.7730556228486991,4.891005400463304,0,0,0,0,0,0,0,1,0,0,0,0,0,1,1.4432806315014015,-0.902560127306108,-1.354519468511279,-0.6574548861191717,-1.7883119518385795,-0.8302354891244259,0.442889120451975,-1.6506136640295932,-1.0382528323622726,-1.3369581899558451,3.846783723909311,1.795503524739669,2.352251317761901,0.9041562838532828,0.469859803516204,1.7786725359664748,1.3220365209381362,1.137339349207785,1.1841304104721584,1.2430368649297157,1.1632560484611645,1.67137880916088,0.8814733358081941,2.5207450215267198,0.9015421455738498,11.858381595142747,8.554344713294284,2.5885596899168117
5489,0.261052631080674,-0.9117720251046798,-0.5826739229779399,-1.6119822667353567,-0.8536656261943806,1.805465015026897,-0.8031854066741912,5.727376516736056,0,0,0,0,0,0,0,1,0,0,0,0,0,1,1.568001153509322,-0.8986144759098625,-1.3047884977581266,-0.6036332650592601,-1.7509623713095368,-0.7738803886484762,0.5446796940335309,-1.6053903653683033,-0.997680067461601,-1.2330959627354132,3.720986537421493,3.846768027362202,1.795457554567812,2.352257664692344,0.904185068108734,0.4698900348347281,1.778674356119101,1.322045886846264,1.1374165942388943,1.1841557453274156,1.2430461068587946,1.163248473068,1.6713656769270997,0.8815038826211795,2.520804167258101,0.901586056240606,11.858561390428813,8.554014737901312
5490,0.2178617894876309,-0.9117720251046798,-0.5826739229779399,-1.6119822667353567,-0.8444703082080666,1.7656336452423929,-0.5980991750592772,5.944806219320722,0,0,0,0,0,0,0,1,0,0,0,0,0,1,1.5524196995885355,-0.8857343787039161,-1.265584240376718,-0.5612042383830875,-1.721518695749364,-0.7294541522337313,0.542329442203515,-1.5697396267339452,-1.0089833304104685,-1.1923440814294113,1.7725522763730297,3.720975525934819,3.846576513497793,1.795470704377261,2.3522451521228227,0.904199847264358,0.4699267489352618,1.7786748120671654,1.3221235438634389,1.1374422319119797,1.184165547072603,1.2430387281753696,1.163231064269488,1.6713993680618495,0.8815475843836215,2.520858393342832,0.9016687687990836,11.858074682351443
5635,0.130458387468161,-0.9117720251046798,-0.9964159902480644,-1.627227355020841,-0.8114939954295611,1.4688256962030246,-0.1971017415363689,4.524609801792239,0,0,0,0,0,0,0,1,0,0,0,0,0,1,1.3204530334858589,-0.8452287837898453,-1.1840563597284122,-0.5621709798872663,-1.6735610725839265,-0.7148177868936689,0.3900978973509411,-1.5275764557718423,-1.1425997966376071,-1.2123896014231743,-2.94430012476733,-2.159196364552619,-0.1100476382089592,-0.8201457810589057,0.7497921699505048,0.2818295208043774,-2.6207984134357565,-2.70622725116324,-2.0685411126412685,-1.4434102417870742,-3.4530007971967307,-3.996870382378368,-2.95772467017044,-0.596209134549229,-1.4106862857969389,-2.8478855186795187,-3.861397696644431,-5.313911360159895
5636,0.0474205113731491,-0.9117720251046798,-0.9964159902480644,-1.627227355020841,-0.7918350397346829,1.100385525696363,-0.4144651970413833,3.338816852047108,0,0,0,0,0,0,0,1,0,0,0,0,0,1,1.010753441853828,-0.816677453283941,-1.1037576282978308,-0.4768622978269526,-1.613491442673714,-0.6252136482770618,0.1670642309905296,-1.4551278621496957,-1.271694957685199,-1.233426383394651,-1.3556973777708945,-2.944062901204397,-2.1589617362818614,-0.1100112070301231,-0.8200678233122087,0.7498124420037506,0.2818712488577829,-2.620712114564358,-2.70615857916858,-2.0684946926552232,-1.443375458285864,-3.453019753239314,-3.996931220157086,-2.957709406039943,-0.5961793549324661,-1.4106571050518395,-2.847836028327863,-3.8611387419438783
5803,0.0195554522808633,-0.9117720251046798,-0.1261309521971129,-1.4778254898230945,-0.3878752081979915,1.0910701246983745,0.1021623351023682,2.144775622311106,0,0,0,0,0,0,0,0,1,0,0,0,0,1,1.012389801912002,-0.4182958907131741,-1.0761643283373956,-0.2554101741634147,-1.4596541506408176,-0.4269481298382765,0.4771780901818218,-1.2781870799120172,-0.9561554488389192,-0.908292454704603,6.968229532359957,5.293528540278494,5.717147360541945,7.6588836040677455,6.527887402843319,4.623148425952898,2.3193492487679186,1.3232034735624902,0.6786652660522934,1.3692666274389147,0.1010227464807975,1.6585372404669922,1.2576245023658128,1.1272947301334877,0.4294981073347975,0.6163493063402439,0.8085452829253832,2.0817887593714626
5804,-0.0788082063149057,-0.9117720251046798,-0.1261309521971129,-1.4778254898230945,-0.3888264479896791,0.7592491167355307,-0.5398127421089635,1.324452622883865,0,0,0,0,0,0,0,0,1,0,0,0,0,1,0.7296139801074748,-0.3984522427184073,-0.9760382813501312,-0.1448535272840184,-1.3818519675381868,-0.3115723995542952,0.2687079281228271,-1.1845388940682569,-1.0794205058392006,-0.905759229650446,7.864069845346739,6.96809758391036,5.293234374188094,5.717112595336868,7.658719757616833,6.527702105301448,4.623074408452252,2.31933915501701,1.3232811331616503,0.6786938775368085,1.3692746692302442,0.1010125523198271,1.658524000155036,1.2576565465224718,1.12734074759319,0.429539010871459,0.6164294915574389,0.8085827228856246
5805,-0.1441982116514698,-0.9117720251046798,-0.1261309521971129,-1.4778254898230945,-0.4199002811848092,0.2918729632157464,-0.2781257958867909,0.6439870899275589,0,0,0,0,0,0,0,0,1,0,0,0,0,1,0.2928675029003035,-0.4156382049922837,-0.9070284583150552,-0.0686546273367448,-1.3282284095409544,-0.2320520452707294,-0.0903540762747624,-1.1199938038835235,-1.2641991096243712,-0.9992682762147588,7.910685407114943,7.863904533146143,6.967684601859497,5.293204788331181,5.717004124136987,7.658494228001945,6.527577309770978,4.623019364200994,2.3194190364867384,1.3233055659857107,0.678708484993868,1.3692676017433285,0.1009862034515091,1.658557640170967,1.2577037921747782,1.1273860966972882,0.429617540855337,0.6164760443654861
5806,-0.0793655074967514,-0.9117720251046798,-0.1261309521971129,-1.4778254898230945,-0.4478033150743138,-0.2050554969183473,0.1438376070602971,0.0750205372470314,0,0,0,0,0,0,0,0,1,0,0,0,0,1,-0.2016463244855332,-0.4572668644481729,-0.9754585713581024,-0.1442134261833594,-1.381401508299024,-0.3109043969146652,-0.5140937555933375,-1.1839966896099516,-1.4587342140601431,-1.256225408882063,4.545531893576337,7.91051835881253,7.863427990764059,6.967634557651476,5.2931084060960245,5.716847675712442,7.658339283992724,6.52748510468134,4.623104384006142,2.3194370119425014,1.3233140447548477,0.678699715025503,1.3692519268584935,0.1010136433820124,1.6586086628783334,1.257749971749347,1.127470809957863,0.4296729549280565
5807,-0.0613461026170732,-0.9117720251046798,-0.1261309521971129,-1.4778254898230945,-0.4462179154215011,-0.565143928599226,0.4891599993540834,-0.415148668017131,0,0,0,0,0,0,0,0,1,0,0,0,0,1,-0.5501352999200477,-0.4593286757644731,-0.994130352938982,-0.1648303348196213,-1.3959102741308833,-0.3324199815244418,-0.7915648721840286,-1.2014604617664886,-1.5915178082805237,-1.400509096749259,10.7470702444094,4.545490173574372,7.910038509032349,7.863367002407058,6.967490424178715,5.292967038778248,5.716744498680234,7.658225015369897,6.527574372378072,4.623107426042869,2.3194360199265573,1.3233068639592984,0.6786782281313094,1.3692844153700632,0.1010499918230141,1.6586573963949165,1.257835840099521,1.1274931219592388
5808,-0.1674190942283747,-0.9117720251046798,-0.1261309521971129,-1.4778254898230945,-0.4433641960464381,-0.719008655428076,0.3902950796819474,-0.4656540239770963,0,0,0,0,0,0,0,0,1,0,0,0,0,1,-0.6976695372521212,-0.4345305456103118,-0.8820318175049541,-0.0410539692226285,-1.3088049599613911,-0.2032482946494892,-0.8891336889063474,-1.0966143723121184,-1.6474392144486043,-1.3264948690799798,9.302428117257678,10.746797560720772,4.545249083167738,7.909976951190312,7.863197324516977,6.9672894867050905,5.292875162988876,5.71666811463609,7.65831680517057,6.527565068870988,4.6230845317293126,2.3194312949118188,1.3232908022562475,0.6787079676784972,1.3693327127147037,0.1010888029993602,1.6587468169868165,1.257851968347493
5809,-0.362381624344068,-0.9117720251046798,-0.1261309521971129,-1.4778254898230945,-0.4202173611153718,-0.7405304439406709,0.4156947175191186,-0.5886539682134926,0,0,0,0,0,0,0,0,1,0,0,0,0,1,-0.718871123175527,-0.3666260382442202,-0.6613448303068162,0.2026230164237326,-1.1373218154351576,0.0510503926380991,-0.8532790138239146,-0.8902051849698914,-1.6467253241570972,-1.0946497065147525,7.861670372799469,9.302209236327773,10.746116467976735,4.545228636158581,7.909805944081903,7.862964520122261,6.967152971168298,5.292807049522775,5.716755573813722,7.658300171734253,6.527524067801437,4.623085485994773,2.319423616866084,1.323323107810524,0.6787497588167257,1.3693796034150554,0.1011644227489507,1.6587439283664192
5810,-0.4060368835886492,-0.9117720251046798,-0.1261309521971129,-1.4778254898230945,-0.3742407711838017,-0.7405304439406709,0.5553435764008736,-0.5886539682134926,0,0,0,0,0,0,0,0,1,0,0,0,0,1,-0.718871123175527,-0.3066126540938025,-0.6091154467560551,0.2602933798076436,-1.0967373702820324,0.1112345649965433,-0.8067576797988119,-0.841354889123409,-1.6294729754456678,-1.0269134713709924,0.5829983846471632,7.861505149962349,9.301630641686094,10.746020259072704,4.545153584640077,7.909571481473768,7.862804124652836,6.967052189037324,5.292893563282585,5.716751526361636,7.658248420126522,6.527529717160655,4.6230971961366105,2.319459887722879,1.3233709721346714,0.6787922501970663,1.369466460859996,0.1012354167136477
5811,-0.4794148725316686,-0.9117720251046798,-0.1261309521971129,-1.4778254898230945,-0.3219225826409806,-0.7405304439406709,0.6895608759542212,-0.5886539682134926,0,0,0,0,0,0,0,0,1,0,0,0,0,0,-0.718871123175527,-0.2302392100039979,-0.5188299712063303,0.3599843167719177,-1.026581728352802,0.2152709570146064,-0.7475543111928343,-0.7569106186495294,-1.609840992429214,-0.921729561513609,1.0643629999258843,0.5831042411489565,7.861028777824077,9.301552081439342,10.745768373936246,4.545038827608843,7.909409843398424,7.862685866492954,6.967142437183995,5.292892263475278,5.71671823415504,7.6582568571073715,6.52755745562919,4.623142637219013,2.319517137063741,1.3234175700383304,0.6788729886901975,1.3694772940052056
5812,-0.788624144925734,-0.9117720251046798,-0.1261309521971129,-1.5319455532365638,-0.2746776729871604,-0.7405304439406709,-0.6109968588760788,-0.5886539682134926,0,0,0,0,0,0,0,0,1,0,0,0,0,0,-0.718871123175527,-0.0814098738918001,-0.100146317468104,0.82228421028914,-0.7597370788985595,0.6977221648822025,-0.6321843923651247,-0.4118194913605368,-1.6343512257709687,-0.5777616552470032,2.75224613625296,1.064450928981311,0.5831442945339625,7.860967818780543,9.301341389516494,10.745433015163377,4.544966892617897,7.909290675863407,7.862778112341489,6.967130284219143,5.292863001138435,5.716721884601014,7.658294112086661,6.527610477790092,4.623221590508114,2.3195700808607254,1.3235040202365034,0.6789165795445095
5813,-0.9625949971919052,-0.9117720251046798,-0.1261309521971129,-1.5319455532365638,-0.2144324861802755,-0.7405304439406709,-0.2437629103152854,-0.5886539682134926,0,0,0,0,0,0,0,0,1,0,0,0,0,0,-0.718871123175527,0.0552771989671011,0.166741769096496,1.116975280499805,-0.5551540674135234,1.0052586033815851,-0.5262269453155692,-0.1644248009304826,-1.6117446998732337,-0.3505423819111056,-2.1731063378751694,2.7522712035328447,1.0644568292991454,0.5831722563276176,7.860798209310166,9.301057419697663,10.745195769105388,4.544913372407779,7.909383025663498,7.862760153504383,6.967085103954467,5.2928656066365285,5.71674279908772,7.658351635367139,6.527707373858616,4.623289209925232,2.3196653574719224,1.323517033570667
5814,-1.076191554758124,-0.9117720251046798,-0.1261309521971129,-1.445048550009303,-0.1500652602760774,-0.7405304439406709,-0.221764182205968,-0.5886539682134926,0,0,0,0,0,0,0,0,1,0,0,0,0,0,-0.718871123175527,0.1839143723456109,0.3552463345704765,1.325117250619846,-0.3090698152923821,1.2224733297972936,-0.4265096406592035,0.0910813500088816,-1.5197718339840276,-0.1307025032981869,-1.5177111879216674,-2.172897835856808,2.752157347673545,1.0644789104397565,0.5832101943767043,7.860565490269726,9.300858682686629,10.745021269450692,4.544998217998302,7.909364764714517,7.86270645797996,6.967091836981734,5.292882953832165,5.716792593641467,7.658459184615907,6.5277871256957,4.6234048986483325,2.319631118747357
5815,-1.2471901340544516,-0.9117720251046798,-0.1261309521971129,-1.445048550009303,-0.1132839883308213,-0.7405304439406709,-0.595709220774404,-0.5886539682134926,0,0,0,0,0,0,0,0,1,0,0,0,0,0,-0.718871123175527,0.3129938431178827,0.6631178874040438,1.6650612269875689,-0.067884147047676,1.5772352155467046,-0.3264494747380561,0.3805900435796865,-1.5059699550148842,0.0848419067446397,-1.4889361620066115,-1.5175270947630906,-2.1726622354234046,2.752158808571645,1.064503122628958,0.583236392983233,7.860405158761749,9.30071236507198,10.745119944319208,4.545001766350748,7.909310626093696,7.862715399019688,6.967123274926025,5.292931061128464,5.716881850659262,7.658546139844039,6.527919689229661,4.6232613840143095
5816,-1.2962326380568747,-0.9117720251046798,-0.1261309521971129,-1.445048550009303,-0.065404918815876,-0.7405304439406709,-0.5840232413189067,-0.5886539682134926,0,0,0,0,0,0,0,0,1,0,0,0,0,0,-0.718871123175527,0.4035413255504798,0.7573031609943537,1.769058222243837,0.0059003190409131,1.6857653637893577,-0.2562586375604521,0.4691576792049245,-1.4880037160119477,0.1596271159521406,-1.6595133283620658,-1.4887531405153682,-1.5173379949528525,-2.1726006033201517,2.75213489165726,1.0645121980853127,0.5832700851134139,7.860286947410713,9.300807818424085,10.74508330097797,4.5449796146318775,7.909319682028612,7.862754374778327,6.967178046865094,5.293016324771404,5.716956437177784,7.658688722472447,6.527685835569852
5817,-1.1459470860191463,-0.9117720251046798,-0.1261309521971129,-1.445048550009303,0.0053039056995731,-0.7405304439406709,-0.639871223268024,-0.5886539682134926,0,0,0,0,0,0,0,0,1,0,0,0,0,0,-0.718871123175527,0.4186490292009634,0.4771513446678503,1.4597216773368908,-0.2135697892194726,1.362945065059644,-0.2445474078435136,0.2057153910178784,-1.4614707935109217,0.0059815094065386,-1.843261417564506,-1.659323954071086,-1.488566082308027,-1.5172843695691651,-2.1724840763884394,2.7520839255661005,1.0645330587382558,0.5832938659011954,7.860379187908482,9.300780537697504,10.745002201577108,4.544980376342046,7.909359050021721,7.862812711953079,6.96727908428154,5.293088211078344,5.717081816343416,7.658401231753288
5818,-0.8098015898358711,-0.9117720251046798,-0.1261309521971129,-1.445048550009303,0.0699882115343337,-0.7405304439406709,-0.7854054371798316,-0.5886539682134926,0,0,0,0,0,0,0,0,1,0,0,0,0,0,-0.718871123175527,0.3366768588483737,-0.068969045956675,0.8567093643910544,-0.6413988956846649,0.733647886281655,-0.3080908118978059,-0.3078318963716626,-1.4371985235996694,-0.370147341025885,-2.3257711977047224,-1.8430651999495475,-1.65912479332601,-1.4885128084581631,-1.5171865308868846,-2.172359837349437,2.7520597932275432,1.0645474490779738,0.5833698751394547,7.860361244622174,9.300713170099923,10.745018248460047,4.544991429129788,7.909417572715546,7.862922187514238,6.967361636385572,5.2932098345579845,5.716886424082735
5819,-0.4816440772590514,-0.9117720251046798,-0.1261309521971129,-1.445048550009303,0.1134281620214033,-0.6688982224733775,-0.6047890381341106,-0.5074574381539264,0,0,0,0,0,0,0,0,1,0,0,0,0,0,-0.6429156717166102,0.2479538480178764,-0.5160367210857204,0.3630685528575529,-0.9916303964004716,0.2184896326961925,-0.3167390613674907,-0.728234422597642,-1.3943651061092242,-0.7196222582797884,-2.965206620188495,-2.325557009994061,-1.8428530021829832,-1.6590694355981448,-1.4884157902806754,-1.517085605629618,-2.1722526772203845,2.7520412563881016,1.0646245317474858,0.5833991043671901,7.860307571905534,9.30072565631723,10.745081482472596,4.54503655929683,7.909527487360378,7.863010445262473,6.967498094771119,5.293034548301248
5820,-0.261324343369378,-0.9117720251046798,-0.1261309521971129,-1.445048550009303,0.2114058605652319,-0.3489623813010714,-0.2966017080526852,-0.1675985317785739,0,0,0,0,0,0,0,0,1,0,0,0,0,0,-0.3247727807999207,0.267573488660937,-0.7782141563303347,0.0735788646071857,-1.1970194274303667,-0.0836186994062038,-0.0496801611690771,-0.9747744035176876,-1.2390939677063602,-0.8371418727487185,-2.995374496381459,-2.9649686180056487,-2.3253105779102885,-1.8427953996728343,-1.6589675535020996,-1.4883158886115049,-1.516995916016016,-2.1721751304152592,2.752122102995493,1.0646506412881258,0.583414617845558,7.860316507031189,9.300776734765892,10.745151293317097,4.545114776716257,7.909616042005065,7.863154839547619,6.967243390086623
5821,-0.0837310334212095,-0.9117720251046798,-0.1261309521971129,-1.445048550009303,0.3892877016108237,0.2825575622177576,-0.0402113033226654,-0.2277541552486995,0,0,0,0,0,0,0,0,1,0,0,0,0,0,0.2703038427312484,0.3809238820816109,-0.9709125558345008,-0.1391938309024727,-1.3479787863784225,-0.3056660011455349,0.5092650577298796,-1.1559793943009529,-0.9384271732664852,-0.7694056376049585,-2.973560550987362,-2.9951353706574024,-2.9646768176495875,-2.3252470807570416,-1.842688278096266,-1.65886158404493,-1.4882269660382674,-1.516931154641978,-2.1721052672227428,2.752137273495181,1.0646615792359302,0.5834056129452708,7.860355462600093,9.30084079627138,10.74528792458248,4.545181898558294,7.909760849239274,7.862857650153546
5822,-0.0012504585080434,-0.9117720251046798,-0.1261309521971129,-1.445048550009303,0.6026824948794212,0.948126902487856,-0.3062687882919432,-0.3463684939368948,0,0,0,0,0,0,0,0,1,0,0,0,0,1,0.8845045747349727,0.5590536918169325,-1.055343102766797,-0.2324199038764262,-1.4141214283169592,-0.4029557304786888,1.1335652922330863,-1.2353741195195294,-0.6118223649018403,-0.564875249536727,-3.0630410054133046,-2.9733222376793487,-2.994841429875,-2.964605508750848,-2.325126200666811,-1.8425757723337144,-1.6587681144880593,-1.488162766006667,-1.5168598299343974,-2.1720581758920114,2.7521321675531096,1.0646537607737323,0.583383324029692,7.860413790225504,9.300963820090049,10.745394544280131,4.545296895211273,7.9094614491291
5823,0.068690839813594,-0.9117720251046798,-0.1261309521971129,-1.445048550009303,0.7498075826604453,1.4010481234245542,-0.5435988120338752,-0.1697042945561229,0,0,0,0,0,0,0,0,1,0,0,0,0,1,1.2840653070911765,0.6724366331481044,-1.1245986624986946,-0.3088901400647004,-1.4683760299515205,-0.4827592483516142,1.537760333503314,-1.3004989627730257,-0.3888506305210226,-0.4414080632015155,-2.478054237654629,-3.062799359587702,-2.973029844607598,-2.994769752426502,-2.964466395494457,-2.324996531018167,-1.8424774047030148,-1.6587005868416516,-1.488091377131486,-1.5168169861692882,-2.172016464722759,2.7521285092821257,1.0646355221749917,0.583412684236778,7.860523243185428,9.301061238801925,10.745564477940295,4.545157085563408
5824,0.1406755758019991,-0.9117720251046798,-0.1261309521971129,-1.445048550009303,0.7865888546057014,1.6480668602332924,-0.3696111135888419,0.0781427789047378,0,0,0,0,0,0,0,0,1,0,0,0,0,1,1.4811443212943447,0.6763967153715541,-1.1937420095405993,-0.3852364738408033,-1.5225427244950482,-0.562433462996813,1.6968429371239928,-1.3655182862115762,-0.2835518125236781,-0.4292926390294608,-2.0014287928364665,-2.4778343784717727,-3.0625006178316614,-2.972958433651983,-2.9946297789489216,-2.9643139797850955,-2.3248853013841866,-1.8424062925037887,-1.658629578349356,-1.4880487198551091,-1.5167815047486393,-2.1720322627015505,2.752124472935213,1.0646667981010711,0.5834535775587167,7.860611485651323,9.301218374941469,10.745130563916971
5825,0.0582878844191406,-0.9117720251046798,-0.1261309521971129,-1.445048550009303,0.817979767731394,1.6978560724639224,-0.4157610152791047,0.2488429241812675,0,0,0,0,0,0,0,0,1,0,0,0,0,1,1.56675538562945,0.7431178247686216,-1.1144294659055538,-0.2976615705703109,-1.460409511274316,-0.4710412337226713,1.8163359038459173,-1.2909363033027093,-0.2533304568498639,-0.3036226482993304,-2.1937919123726752,-2.0012266845992084,-2.477577141827948,-3.062428113726509,-2.9728190821876304,-2.9944762901048554,-2.964185705065523,-2.3248047763970514,-1.842335693765213,-1.6585858155754674,-1.48801351195064,-1.516795687349514,-2.172077742140509,2.752162466242839,1.064712225517116,0.5834954618600744,7.860755858680478,9.300852972236871
5826,-0.0009718079171205,-0.9117720251046798,-0.1261309521971129,-1.445048550009303,0.8734687555798407,1.6673401036774074,-0.4812468518795711,0.2891326943804361,0,0,0,0,0,0,0,0,1,0,0,0,0,1,1.5672569784592716,0.8249139013916786,-1.0556232041127958,-0.2327291846932743,-1.4143408588869129,-0.4032784926202138,1.8801398768819648,-1.2356375143476683,-0.243811919629765,-0.2245419705217374,-2.586643150308033,-2.1935826399621505,-2.001003264775973,-2.47751178428926,-3.0622862107738644,-2.972666369311409,-2.9943472112164584,-2.9640927059892377,-2.3247352536434174,-1.842290740134072,-1.658548986278371,-1.488027623628589,-1.5168356521371515,-2.1720593505879484,2.752223792253707,1.0647571756497236,0.5835753559756585,7.860458783080006
